Samples - Plot 0	"Amplitude, V - Plot 0"
0	0.00207478
1	-0.00670701
2	0.00370103
3	-0.000527234
4	0.0072788
5	-0.00280399
6	-0.0109353
7	0.00630305
8	-0.00215349
9	-0.00215349
10	0.0066283
11	0.00435154
12	0.00142427
13	0.00142427
14	-0.00280399
15	-0.00182824
16	-0.00280399
17	-0.0034545
18	-0.00735751
19	0.00240003
20	-0.000201983
21	0.00565254
22	-0.00508075
23	-0.0141878
24	0.00825456
25	0.0105313
26	-0.00312925
27	0.0066283
28	-0.00150299
29	-0.00573126
30	0.0072788
31	0.00142427
32	-0.00117774
33	0.000773772
34	0.00044852
35	0.00370103
36	-0.00443025
37	-0.00117774
38	-0.000852486
39	-0.00670701
40	-0.00670701
41	-0.0034545
42	-0.0047555
43	0.00142427
44	0.00142427
45	-0.000852486
46	0.0128081
47	-0.00117774
48	-0.0193918
49	0.00760405
50	0.0102061
51	0.0066283
52	-0.00182824
53	-0.0128868
54	0.0131333
55	0.0066283
56	-0.000201983
57	0.00272528
58	-0.00312925
59	0.00240003
60	-0.000201983
61	0.00337578
62	0.00142427
63	-0.00540601
64	-0.01061
65	0.00272528
66	0.00109902
67	-0.00280399
68	-0.00150299
69	-0.00540601
70	0.00044852
71	0.00109902
72	-0.00280399
73	0.00109902
74	-0.00117774
75	-0.00280399
76	-0.00312925
77	-0.00117774
78	-0.00280399
79	-0.00117774
80	-0.00377975
81	-0.000852486
82	-0.000527234
83	-0.00443025
84	-0.00605651
85	-0.00182824
86	0.000773772
87	-0.00443025
88	-0.00800802
89	-0.00377975
90	-0.00670701
91	-0.00312925
92	-0.00605651
93	-0.00605651
94	0.00044852
95	-0.000852486
96	-0.000527234
97	-0.00638176
98	-0.00963428
99	-0.00280399
100	-0.000201983
101	-0.00540601
102	-0.00443025
103	0.00044852
104	-0.00280399
105	-0.00605651
106	-0.00995953
107	-0.011911
108	-0.00573126
109	0.00174953
110	0.00174953
111	-0.00963428
112	-0.00508075
113	-0.00573126
114	-0.00768277
115	-0.00670701
116	-0.00215349
117	-0.000852486
118	-0.00280399
119	-0.00215349
120	-0.004105
121	0.000773772
122	-0.00280399
123	-0.00768277
124	-0.0034545
125	-0.00670701
126	-0.00377975
127	-0.000527234
128	-0.00377975
129	-0.00768277
130	-0.00573126
131	-0.004105
132	-0.00280399
133	-0.0034545
134	-0.00540601
135	-0.00150299
136	-0.000527234
137	-0.00865852
138	-0.00508075
139	0.00044852
140	-0.00573126
141	-0.0102848
142	-0.0034545
143	-0.00312925
144	-0.00540601
145	-0.00703226
146	-0.00605651
147	-0.00930902
148	-0.00247874
149	-0.00670701
150	-0.00638176
151	-0.00215349
152	-0.00865852
153	-0.0128868
154	-0.004105
155	-0.00573126
156	-0.00377975
157	-0.00670701
158	-0.00605651
159	-0.00377975
160	-0.00573126
161	-0.00508075
162	-0.00573126
163	-0.00215349
164	-0.00670701
165	-0.0047555
166	-0.00800802
167	-0.00540601
168	-0.00605651
169	-0.00930902
170	-0.000852486
171	-0.00117774
172	-0.00703226
173	-0.004105
174	-0.00573126
175	-0.00800802
176	-0.00443025
177	-0.00605651
178	-0.0102848
179	-0.00573126
180	-0.00735751
181	-0.00443025
182	-0.00377975
183	-0.00768277
184	-0.000201983
185	-0.000201983
186	-0.00605651
187	-0.00377975
188	-0.00312925
189	-0.00605651
190	-0.004105
191	-0.00638176
192	-0.00605651
193	-0.00280399
194	-0.00312925
195	-0.00377975
196	-0.00573126
197	-0.00117774
198	-0.00150299
199	-0.00280399
200	-0.00443025
201	-0.00540601
202	-0.00117774
203	0.00240003
204	-0.00247874
205	0.00207478
206	0.000123269
207	-0.0034545
208	-0.00182824
209	0.00760405
210	0.00240003
211	-0.00117774
212	-0.0047555
213	-0.00638176
214	-0.00312925
215	-0.00182824
216	0.00142427
217	0.00044852
218	-0.00312925
219	-0.00508075
220	-0.00117774
221	-0.00443025
222	-0.000527234
223	0.00305053
224	-0.00117774
225	-0.00150299
226	-0.000201983
227	-0.00280399
228	0.00044852
229	0.000773772
230	0.00240003
231	-0.000201983
232	-0.00182824
233	-0.00150299
234	-0.00182824
235	-0.00312925
236	-0.000201983
237	-0.00247874
238	-0.00540601
239	-0.0047555
240	-0.00182824
241	0.000123269
242	0.000773772
243	0.000123269
244	-0.0034545
245	0.000773772
246	-0.00182824
247	0.00142427
248	-0.000527234
249	-0.00605651
250	-0.00247874
251	-0.00117774
252	-0.00215349
253	-0.000527234
254	-0.00117774
255	-0.00247874
256	-0.000201983
257	-0.000527234
258	-0.000527234
259	-0.000527234
260	0.000773772
261	-0.000852486
262	-0.0034545
263	0.00174953
264	0.000773772
265	-0.000852486
266	-0.000852486
267	0.000123269
268	0.00174953
269	0.00174953
270	0.00044852
271	0.00207478
272	0.000123269
273	0.00044852
274	0.00207478
275	-0.00215349
276	0.00272528
277	0.000773772
278	-0.00247874
279	-0.000852486
280	-0.00247874
281	0.00305053
282	0.00272528
283	-0.00150299
284	-0.000527234
285	-0.00215349
286	-0.000201983
287	0.00370103
288	-0.000852486
289	-0.000852486
290	-0.00182824
291	-0.00215349
292	0.00174953
293	-0.000852486
294	0.000123269
295	-0.000527234
296	-0.00215349
297	-0.00247874
298	0.000773772
299	-0.000852486
300	0.000123269
301	0.000773772
302	-0.004105
303	-0.00508075
304	-0.00312925
305	-0.00182824
306	-0.0034545
307	-0.00443025
308	-0.00150299
309	0.000123269
310	-0.000852486
311	-0.00117774
312	-0.000527234
313	-0.00117774
314	-0.00117774
315	-0.00247874
316	-0.00280399
317	-0.00117774
318	-0.00573126
319	-0.00605651
320	-0.00182824
321	-0.00215349
322	-0.00443025
323	-0.00280399
324	-0.0047555
325	-0.00247874
326	-0.00182824
327	-0.00182824
328	-0.00117774
329	-0.00377975
330	-0.00280399
331	0.00044852
332	-0.00215349
333	-0.00117774
334	-0.00182824
335	-0.00117774
336	-0.000527234
337	-0.00312925
338	-0.00247874
339	-0.00150299
340	-0.00508075
341	-0.00508075
342	-0.00443025
343	-0.00182824
344	0.000123269
345	-0.00247874
346	-0.00280399
347	-0.00117774
348	-0.00215349
349	0.000773772
350	0.00044852
351	-0.00280399
352	-0.004105
353	-0.00247874
354	-0.00150299
355	-0.000201983
356	-0.00182824
357	-0.00117774
358	-0.0034545
359	-0.00638176
360	-0.00150299
361	-0.00182824
362	-0.00280399
363	-0.00377975
364	-0.00605651
365	-0.0034545
366	-0.0034545
367	-0.000527234
368	-0.00182824
369	-0.00735751
370	-0.004105
371	0.000123269
372	-0.0034545
373	-0.00377975
374	-0.00280399
375	-0.00508075
376	-0.00540601
377	-0.00768277
378	-0.00670701
379	-0.0034545
380	-0.00312925
381	-0.00247874
382	-0.00377975
383	-0.00638176
384	-0.00377975
385	-0.00377975
386	-0.00377975
387	-0.00508075
388	-0.0034545
389	-0.00508075
390	-0.00735751
391	-0.00638176
392	-0.00443025
393	-0.00377975
394	-0.0047555
395	-0.00443025
396	-0.00377975
397	-0.0047555
398	-0.00247874
399	-0.00443025
400	-0.0047555
401	-0.00540601
402	-0.00377975
403	-0.00443025
404	-0.00703226
405	-0.00443025
406	-0.00150299
407	-0.004105
408	-0.00638176
409	-0.00638176
410	-0.00540601
411	-0.004105
412	-0.0047555
413	-0.00377975
414	-0.00280399
415	-0.00150299
416	-0.0034545
417	-0.00638176
418	-0.0034545
419	-0.00182824
420	-0.00377975
421	-0.00312925
422	-0.00215349
423	-0.00117774
424	-0.00150299
425	-0.004105
426	-0.00573126
427	-0.00377975
428	-0.00443025
429	-0.00377975
430	-0.0034545
431	-0.00377975
432	-0.0034545
433	-0.0047555
434	-0.0034545
435	-0.00508075
436	-0.00215349
437	0.000773772
438	-0.00377975
439	-0.00247874
440	-0.00247874
441	-0.00182824
442	-0.00280399
443	-0.00443025
444	-0.0034545
445	-0.00312925
446	-0.00247874
447	-0.00247874
448	-0.00182824
449	-0.00508075
450	-0.00377975
451	-0.00443025
452	-0.00280399
453	-0.00215349
454	-0.00508075
455	-0.00280399
456	-0.000852486
457	-0.00182824
458	-0.00280399
459	-0.00247874
460	-0.00280399
461	-0.00215349
462	-0.000527234
463	-0.00247874
464	-0.00247874
465	-0.0034545
466	-0.00117774
467	-0.00182824
468	-0.00182824
469	-0.00182824
470	-0.00182824
471	-0.000852486
472	-0.004105
473	-0.000201983
474	-0.00150299
475	-0.00280399
476	-0.00443025
477	-0.00150299
478	-0.00150299
479	-0.0034545
480	-0.00377975
481	0.00044852
482	-0.000852486
483	-0.00247874
484	-0.00280399
485	-0.00312925
486	-0.000201983
487	-0.00215349
488	-0.00150299
489	-0.00215349
490	-0.00150299
491	-0.00182824
492	-0.000201983
493	-0.00150299
494	-0.000527234
495	-0.000852486
496	-0.00247874
497	-0.00247874
498	-0.00117774
499	-0.00150299
500	-0.00215349
501	-0.00182824
502	0.000123269
503	-0.00150299
504	-0.00150299
505	-0.00247874
506	-0.000201983
507	-0.00117774
508	0.000123269
509	-0.00117774
510	-0.000201983
511	-0.000852486
512	-0.0034545
513	-0.00312925
514	-0.000852486
515	-0.000527234
516	-0.00377975
517	-0.00247874
518	-0.0034545
519	-0.00280399
520	-0.00443025
521	-0.0047555
522	-0.00117774
523	-0.00215349
524	-0.000852486
525	-0.000527234
526	-0.00247874
527	0.00207478
528	-0.00247874
529	-0.00150299
530	-0.00150299
531	-0.0034545
532	-0.00182824
533	-0.00150299
534	-0.0034545
535	-0.00182824
536	-0.0047555
537	-0.00150299
538	-0.0034545
539	-0.00377975
540	-0.00215349
541	-0.00117774
542	-0.00280399
543	-0.00280399
544	-0.00150299
545	-0.00215349
546	-0.0034545
547	-0.00280399
548	-0.00247874
549	-0.00280399
550	-0.00182824
551	-0.00117774
552	-0.00215349
553	-0.00150299
554	-0.00377975
555	-0.00312925
556	-0.000527234
557	-0.00150299
558	-0.00150299
559	-0.00117774
560	-0.000201983
561	0.000123269
562	-0.000527234
563	-0.000527234
564	-0.000852486
565	-0.00182824
566	-0.000201983
567	-0.00215349
568	-0.00150299
569	-0.000852486
570	-0.000527234
571	-0.00150299
572	-0.00117774
573	-0.00150299
574	-0.00117774
575	-0.00247874
576	-0.00182824
577	-0.000852486
578	-0.00215349
579	-0.00280399
580	-0.00215349
581	-0.00182824
582	-0.000527234
583	-0.000527234
584	-0.00280399
585	0.00044852
586	-0.004105
587	-0.00280399
588	0.00142427
589	-0.00215349
590	-0.00280399
591	-0.000527234
592	-0.00247874
593	-0.00540601
594	0.000123269
595	0.00305053
596	-0.00117774
597	-0.00215349
598	0.00207478
599	-0.004105
600	-0.00280399
601	-0.000852486
602	0.000123269
603	-0.00247874
604	-0.000852486
605	0.000773772
606	-0.00117774
607	-0.00280399
608	-0.00312925
609	-0.00117774
610	-0.000201983
611	-0.00182824
612	-0.00150299
613	-0.00247874
614	-0.00377975
615	-0.00280399
616	-0.00312925
617	-0.00215349
618	-0.000852486
619	-0.00150299
620	-0.00247874
621	-0.00443025
622	-0.004105
623	-0.000852486
624	-0.00150299
625	-0.0034545
626	-0.00117774
627	-0.00215349
628	-0.00247874
629	-0.00117774
630	0.00142427
631	0.00109902
632	-0.000527234
633	0.000123269
634	-0.00150299
635	0.000773772
636	0.00044852
637	-0.000852486
638	-0.0034545
639	-0.00280399
640	0.00142427
641	0.00174953
642	-0.00247874
643	-0.000852486
644	-0.000527234
645	0.00044852
646	0.000773772
647	-0.000201983
648	-0.00215349
649	-0.0034545
650	-0.00443025
651	-0.00182824
652	-0.00247874
653	-0.00150299
654	-0.00247874
655	-0.00247874
656	-0.00377975
657	-0.000527234
658	-0.00215349
659	-0.00312925
660	-0.000527234
661	-0.00117774
662	-0.0034545
663	-0.00377975
664	-0.00117774
665	-0.00182824
666	-0.00280399
667	0.000773772
668	0.00044852
669	0.000123269
670	-0.00150299
671	-0.00280399
672	-0.000527234
673	-0.00182824
674	-0.00215349
675	0.00109902
676	0.000123269
677	-0.000852486
678	-0.00117774
679	-0.00377975
680	-0.000852486
681	-0.000852486
682	-0.00215349
683	-0.000527234
684	0.000123269
685	-0.00150299
686	-0.00182824
687	0.00142427
688	-0.00215349
689	-0.00150299
690	-0.00117774
691	-0.00117774
692	-0.00182824
693	-0.00312925
694	-0.00443025
695	-0.00247874
696	-0.00247874
697	-0.00150299
698	-0.00117774
699	-0.000201983
700	-0.000852486
701	-0.00182824
702	0.000773772
703	0.00272528
704	0.00044852
705	0.00142427
706	-0.000527234
707	-0.000852486
708	-0.00182824
709	-0.00117774
710	-0.00182824
711	-0.00182824
712	-0.0034545
713	-0.00443025
714	-0.00443025
715	-0.00150299
716	-0.0034545
717	-0.0034545
718	-0.00280399
719	-0.00280399
720	-0.00117774
721	-0.00150299
722	-0.004105
723	-0.00540601
724	-0.00215349
725	-0.00508075
726	-0.00280399
727	-0.00215349
728	-0.00215349
729	-0.00443025
730	-0.00377975
731	-0.0034545
732	-0.00182824
733	-0.00247874
734	-0.00312925
735	-0.00280399
736	-0.00247874
737	-0.00280399
738	-0.00150299
739	-0.00215349
740	-0.00215349
741	-0.00215349
742	-0.00377975
743	-0.00312925
744	-0.00182824
745	-0.00280399
746	-0.00182824
747	-0.00280399
748	-0.0034545
749	-0.000852486
750	-0.00150299
751	-0.00280399
752	0.00044852
753	-0.000852486
754	-0.00150299
755	-0.000852486
756	-0.000852486
757	-0.00215349
758	-0.00280399
759	-0.00150299
760	-0.00215349
761	-0.00182824
762	-0.00182824
763	-0.00117774
764	-0.00247874
765	-0.00377975
766	-0.00377975
767	-0.0034545
768	-0.00280399
769	-0.00280399
770	-0.00247874
771	-0.00215349
772	-0.00117774
773	-0.00150299
774	-0.00280399
775	-0.004105
776	-0.00117774
777	-0.00150299
778	-0.000201983
779	-0.00280399
780	-0.00377975
781	-0.00182824
782	-0.00182824
783	-0.00605651
784	-0.00540601
785	-0.00540601
786	-0.004105
787	-0.00312925
788	-0.0047555
789	-0.00605651
790	-0.00540601
791	-0.00573126
792	-0.00443025
793	-0.00540601
794	-0.00508075
795	-0.00443025
796	-0.00540601
797	-0.00703226
798	-0.00508075
799	-0.00540601
800	-0.00540601
801	-0.00670701
802	-0.00605651
803	-0.00508075
804	-0.00573126
805	-0.00540601
806	-0.00508075
807	-0.0034545
808	-0.00605651
809	-0.00443025
810	-0.00443025
811	-0.00605651
812	-0.00508075
813	-0.00638176
814	-0.00443025
815	-0.00443025
816	-0.00735751
817	-0.00670701
818	-0.00540601
819	-0.00443025
820	-0.00670701
821	-0.00443025
822	-0.00638176
823	-0.00605651
824	-0.00573126
825	-0.00540601
826	-0.00312925
827	-0.00443025
828	-0.00605651
829	-0.00443025
830	-0.00312925
831	-0.00150299
832	-0.00280399
833	-0.00377975
834	-0.00280399
835	-0.00508075
836	-0.00312925
837	-0.00182824
838	-0.00540601
839	-0.00573126
840	-0.00443025
841	-0.0034545
842	-0.00150299
843	-0.004105
844	-0.004105
845	-0.00312925
846	-0.00377975
847	-0.00117774
848	-0.00150299
849	-0.0047555
850	-0.0047555
851	-0.00540601
852	-0.004105
853	-0.00312925
854	-0.00638176
855	-0.00508075
856	-0.00508075
857	-0.00377975
858	-0.00312925
859	-0.00508075
860	-0.00443025
861	-0.00443025
862	-0.00443025
863	-0.00182824
864	-0.0047555
865	-0.0047555
866	-0.00312925
867	-0.00540601
868	-0.00182824
869	-0.00443025
870	-0.00182824
871	-0.00508075
872	-0.00573126
873	-0.00638176
874	-0.00703226
875	-0.00540601
876	-0.00540601
877	-0.00247874
878	-0.00443025
879	-0.00150299
880	-0.00247874
881	-0.0034545
882	-0.00215349
883	-0.00508075
884	-0.00377975
885	-0.00182824
886	-0.00540601
887	-0.00443025
888	-0.00508075
889	-0.00605651
890	-0.00605651
891	-0.00540601
892	-0.00280399
893	-0.00605651
894	-0.00443025
895	-0.004105
896	-0.00638176
897	-0.00735751
898	-0.00605651
899	-0.00377975
900	-0.0034545
901	-0.00377975
902	-0.00377975
903	-0.00443025
904	-0.00377975
905	-0.004105
906	-0.00312925
907	-0.00377975
908	-0.00150299
909	-0.00605651
910	-0.00377975
911	-0.00280399
912	-0.00540601
913	-0.0047555
914	-0.0034545
915	-0.00182824
916	-0.00215349
917	-0.00215349
918	-0.00182824
919	-0.0034545
920	-0.00247874
921	0.000123269
922	-0.00150299
923	-0.00540601
924	-0.00280399
925	-0.00540601
926	-0.00312925
927	-0.00605651
928	-0.00215349
929	-0.00540601
930	-0.00638176
931	0.000123269
932	-0.00443025
933	-0.0034545
934	-0.000527234
935	-0.00312925
936	-0.000852486
937	-0.0034545
938	-0.00247874
939	-0.00312925
940	-0.0047555
941	0.00044852
942	-0.00443025
943	-0.00182824
944	-0.0034545
945	-0.00443025
946	-0.004105
947	-0.000527234
948	-0.00312925
949	-0.00443025
950	0.00109902
951	-0.00280399
952	-0.00247874
953	0.00240003
954	-0.00117774
955	-0.000527234
956	-0.000527234
957	0.000773772
958	-0.00182824
959	-0.00117774
960	-0.00247874
961	-0.00182824
962	-0.004105
963	-0.00247874
964	-0.00443025
965	0.00207478
966	-0.0047555
967	0.00272528
968	-0.004105
969	-0.000527234
970	0.00240003
971	-0.00377975
972	0.00109902
973	-0.00443025
974	0.00142427
975	-0.00247874
976	0.00240003
977	-0.00182824
978	-0.00247874
979	-0.00117774
980	-0.00150299
981	0.00142427
982	-0.00117774
983	-0.00117774
984	-0.000201983
985	-0.00247874
986	0.000123269
987	-0.00215349
988	-0.00312925
989	-0.00215349
990	-0.00150299
991	-0.00247874
992	-0.00280399
993	-0.00247874
994	-0.000201983
995	-0.00312925
996	-0.00247874
997	-0.00182824
998	-0.0034545
999	-0.00182824
1000	-0.000852486
1001	-0.00377975
1002	-0.00117774
1003	-0.000201983
1004	-0.00247874
1005	0.00044852
1006	0.000773772
1007	0.000123269
1008	-0.000527234
1009	-0.00117774
1010	-0.00117774
1011	-0.00215349
1012	-0.00247874
1013	-0.00117774
1014	-0.000527234
1015	-0.00117774
1016	0.00044852
1017	-0.00117774
1018	-0.00150299
1019	-0.000852486
1020	0.00044852
1021	0.00044852
1022	-0.00215349
1023	-0.000201983
1024	0.000123269
1025	0.000123269
1026	0.00174953
1027	-0.000201983
1028	-0.00215349
1029	0.000123269
1030	0.000123269
1031	0.00044852
1032	-0.00215349
1033	0.00044852
1034	-0.00150299
1035	-0.00215349
1036	-0.00215349
1037	-0.0034545
1038	-0.00182824
1039	-0.000527234
1040	-0.000852486
1041	-0.000201983
1042	0.000123269
1043	-0.000852486
1044	-0.00215349
1045	-0.000201983
1046	0.000123269
1047	-0.000852486
1048	-0.000201983
1049	-0.00280399
1050	-0.000201983
1051	-0.000852486
1052	-0.00150299
1053	-0.00150299
1054	-0.00247874
1055	-0.00182824
1056	0.00109902
1057	-0.000852486
1058	-0.000852486
1059	-0.000852486
1060	-0.000852486
1061	-0.00150299
1062	0.00044852
1063	-0.00117774
1064	-0.00117774
1065	-0.00247874
1066	-0.00182824
1067	0.00044852
1068	-0.00117774
1069	-0.00182824
1070	-0.00247874
1071	0.000123269
1072	0.00044852
1073	-0.000852486
1074	-0.00247874
1075	0.000123269
1076	-0.00117774
1077	-0.000852486
1078	-0.00150299
1079	-0.000527234
1080	0.00044852
1081	-0.000852486
1082	0.00272528
1083	0.000773772
1084	-0.000201983
1085	0.000123269
1086	-0.00117774
1087	-0.00117774
1088	-0.000852486
1089	0.00044852
1090	-0.000852486
1091	0.00109902
1092	0.00240003
1093	0.00109902
1094	-0.000852486
1095	0.00142427
1096	0.00240003
1097	-0.000527234
1098	0.00142427
1099	0.000123269
1100	-0.000201983
1101	0.00109902
1102	0.00044852
1103	-0.00215349
1104	-0.00215349
1105	-0.000852486
1106	-0.000201983
1107	0.000123269
1108	0.000123269
1109	0.000123269
1110	-0.00150299
1111	-0.000201983
1112	-0.00117774
1113	-0.000527234
1114	0.00109902
1115	0.00044852
1116	0.000123269
1117	0.000773772
1118	-0.000201983
1119	-0.00117774
1120	-0.00117774
1121	-0.00182824
1122	-0.00182824
1123	-0.00280399
1124	-0.00215349
1125	-0.00215349
1126	-0.00247874
1127	-0.00117774
1128	-0.000852486
1129	-0.00247874
1130	-0.000852486
1131	0.00109902
1132	0.00142427
1133	-0.000201983
1134	-0.000201983
1135	-0.00150299
1136	-0.00117774
1137	-0.00247874
1138	-0.00215349
1139	-0.00312925
1140	-0.00150299
1141	-0.00117774
1142	-0.00117774
1143	-0.00280399
1144	-0.00150299
1145	0.00142427
1146	0.00044852
1147	-0.000201983
1148	-0.000527234
1149	-0.00182824
1150	-0.00215349
1151	0.000773772
1152	-0.000201983
1153	-0.00150299
1154	-0.00150299
1155	-0.00215349
1156	-0.00150299
1157	-0.000852486
1158	0.000773772
1159	0.00044852
1160	-0.00117774
1161	-0.00117774
1162	-0.00215349
1163	-0.00117774
1164	-0.00182824
1165	-0.00117774
1166	-0.00215349
1167	-0.00182824
1168	-0.00215349
1169	-0.00182824
1170	-0.00215349
1171	-0.00247874
1172	-0.00117774
1173	-0.00117774
1174	-0.00247874
1175	-0.00312925
1176	-0.00182824
1177	-0.00215349
1178	-0.00150299
1179	-0.00182824
1180	-0.000201983
1181	-0.00117774
1182	-0.00182824
1183	-0.00150299
1184	-0.000201983
1185	0.000123269
1186	-0.00215349
1187	-0.00312925
1188	-0.000527234
1189	-0.00150299
1190	-0.00247874
1191	-0.00182824
1192	-0.00247874
1193	-0.00215349
1194	-0.00182824
1195	-0.00150299
1196	-0.00117774
1197	-0.00182824
1198	-0.00117774
1199	0.00044852
1200	-0.000852486
1201	-0.000527234
1202	-0.00215349
1203	-0.000201983
1204	-0.000852486
1205	-0.000852486
1206	-0.000852486
1207	-0.000852486
1208	-0.00150299
1209	-0.000527234
1210	-0.00312925
1211	-0.00247874
1212	-0.00312925
1213	-0.00215349
1214	-0.0034545
1215	-0.00247874
1216	-0.00150299
1217	-0.00280399
1218	-0.00312925
1219	-0.00117774
1220	-0.00117774
1221	-0.00117774
1222	-0.00247874
1223	-0.00247874
1224	-0.00312925
1225	-0.00312925
1226	-0.004105
1227	-0.0034545
1228	-0.004105
1229	-0.0034545
1230	-0.00377975
1231	-0.00508075
1232	-0.00280399
1233	-0.00312925
1234	-0.00247874
1235	-0.004105
1236	-0.00377975
1237	-0.0034545
1238	-0.00280399
1239	-0.0034545
1240	-0.00312925
1241	-0.00312925
1242	-0.0034545
1243	-0.0034545
1244	-0.00508075
1245	-0.00443025
1246	-0.00443025
1247	-0.004105
1248	-0.00377975
1249	-0.004105
1250	-0.00312925
1251	-0.00377975
1252	-0.0034545
1253	-0.00377975
1254	-0.00215349
1255	-0.00247874
1256	-0.0034545
1257	-0.00377975
1258	-0.004105
1259	-0.0034545
1260	-0.0047555
1261	-0.00247874
1262	-0.00247874
1263	-0.0034545
1264	-0.004105
1265	-0.00215349
1266	-0.00280399
1267	-0.0034545
1268	-0.00280399
1269	-0.00215349
1270	-0.00150299
1271	-0.00247874
1272	0.000773772
1273	-0.0034545
1274	-0.00182824
1275	-0.00215349
1276	-0.00508075
1277	-0.00280399
1278	-0.004105
1279	-0.00247874
1280	-0.00117774
1281	-0.00377975
1282	-0.00280399
1283	-0.0034545
1284	-0.00280399
1285	-0.00280399
1286	-0.00182824
1287	-0.00215349
1288	-0.00117774
1289	-0.00280399
1290	-0.00215349
1291	-0.00280399
1292	-0.0034545
1293	-0.00150299
1294	-0.00280399
1295	-0.00215349
1296	-0.00182824
1297	-0.004105
1298	-0.00280399
1299	-0.0047555
1300	-0.004105
1301	-0.00182824
1302	-0.00312925
1303	-0.00247874
1304	-0.00247874
1305	-0.00280399
1306	-0.00117774
1307	-0.00215349
1308	-0.00247874
1309	0.000123269
1310	-0.00117774
1311	-0.000852486
1312	-0.00280399
1313	-0.00215349
1314	-0.00247874
1315	-0.00215349
1316	-0.00150299
1317	-0.0034545
1318	-0.00377975
1319	-0.00247874
1320	-0.00182824
1321	-0.00182824
1322	0.000123269
1323	-0.000201983
1324	-0.000852486
1325	-0.000201983
1326	0.000123269
1327	-0.000201983
1328	-0.000527234
1329	-0.000852486
1330	-0.00215349
1331	-0.00247874
1332	-0.00312925
1333	-0.004105
1334	-0.004105
1335	-0.00312925
1336	-0.00443025
1337	-0.00443025
1338	-0.004105
1339	-0.00508075
1340	-0.0034545
1341	-0.00280399
1342	-0.00312925
1343	-0.00247874
1344	-0.0034545
1345	-0.00215349
1346	-0.00117774
1347	-0.00215349
1348	-0.0047555
1349	-0.00280399
1350	-0.00312925
1351	-0.00573126
1352	-0.00573126
1353	-0.00443025
1354	-0.004105
1355	-0.0047555
1356	-0.00443025
1357	-0.00247874
1358	-0.00312925
1359	-0.00280399
1360	-0.00377975
1361	-0.00215349
1362	-0.00247874
1363	-0.0034545
1364	-0.00247874
1365	-0.004105
1366	-0.00247874
1367	-0.0034545
1368	-0.0034545
1369	-0.00377975
1370	-0.00377975
1371	-0.00280399
1372	-0.0034545
1373	-0.00443025
1374	-0.00508075
1375	-0.00312925
1376	-0.00312925
1377	-0.00312925
1378	-0.004105
1379	-0.0047555
1380	-0.00280399
1381	-0.00182824
1382	-0.00247874
1383	-0.0034545
1384	-0.00280399
1385	-0.00280399
1386	-0.00215349
1387	-0.00215349
1388	-0.0034545
1389	-0.00377975
1390	-0.00540601
1391	-0.004105
1392	-0.00443025
1393	-0.0034545
1394	-0.00280399
1395	-0.0034545
1396	-0.00280399
1397	-0.00280399
1398	-0.00312925
1399	-0.00280399
1400	-0.00280399
1401	-0.00182824
1402	-0.0034545
1403	-0.004105
1404	-0.0034545
1405	-0.0047555
1406	-0.00377975
1407	-0.004105
1408	-0.00443025
1409	-0.00312925
1410	-0.00443025
1411	-0.004105
1412	-0.0034545
1413	-0.00443025
1414	-0.00280399
1415	-0.0034545
1416	-0.0034545
1417	-0.000852486
1418	-0.00280399
1419	-0.0034545
1420	-0.00182824
1421	-0.0034545
1422	-0.00150299
1423	-0.00182824
1424	-0.00182824
1425	-0.00150299
1426	-0.00280399
1427	-0.00182824
1428	-0.00312925
1429	-0.00182824
1430	-0.000201983
1431	-0.00182824
1432	-0.00117774
1433	0.000123269
1434	-0.000852486
1435	0.000123269
1436	-0.00150299
1437	-0.00150299
1438	-0.00150299
1439	-0.00150299
1440	0.000123269
1441	-0.00150299
1442	-0.00117774
1443	-0.00150299
1444	-0.000852486
1445	-0.000852486
1446	0.00044852
1447	-0.000852486
1448	-0.00150299
1449	-0.00182824
1450	-0.00150299
1451	-0.000527234
1452	-0.0034545
1453	-0.00182824
1454	-0.00117774
1455	-0.00215349
1456	-0.00182824
1457	-0.00150299
1458	-0.00215349
1459	-0.00215349
1460	-0.00280399
1461	-0.00377975
1462	-0.00280399
1463	-0.00247874
1464	-0.00247874
1465	-0.00150299
1466	-0.00215349
1467	-0.000527234
1468	-0.00247874
1469	-0.00215349
1470	-0.00117774
1471	-0.000852486
1472	-0.000201983
1473	-0.00150299
1474	-0.000201983
1475	-0.00117774
1476	-0.00150299
1477	-0.00117774
1478	-0.00215349
1479	-0.0034545
1480	-0.000527234
1481	-0.00215349
1482	-0.00247874
1483	-0.000201983
1484	-0.000201983
1485	-0.000852486
1486	0.00044852
1487	-0.000852486
1488	-0.000852486
1489	-0.00182824
1490	-0.00182824
1491	-0.00150299
1492	-0.00280399
1493	-0.0034545
1494	-0.004105
1495	-0.00280399
1496	-0.00150299
1497	-0.00312925
1498	-0.0034545
1499	-0.00117774
1500	-0.00117774
1501	-0.00182824
1502	-0.00215349
1503	-0.00247874
1504	-0.00312925
1505	-0.00182824
1506	-0.00150299
1507	-0.00182824
1508	-0.00215349
1509	-0.0034545
1510	-0.00377975
1511	-0.00280399
1512	-0.0034545
1513	-0.00443025
1514	-0.00443025
1515	-0.0034545
1516	-0.00312925
1517	-0.0034545
1518	-0.00377975
1519	-0.00182824
1520	-0.000852486
1521	-0.00150299
1522	-0.00117774
1523	-0.00117774
1524	-0.00215349
1525	0.000123269
1526	-0.000852486
1527	-0.00117774
1528	-0.00280399
1529	-0.00280399
1530	-0.00215349
1531	-0.00117774
1532	-0.00280399
1533	-0.00150299
1534	-0.00150299
1535	0.000123269
1536	-0.000527234
1537	-0.000201983
1538	-0.000852486
1539	-0.000527234
1540	0.00142427
1541	0.000123269
1542	-0.000852486
1543	-0.00117774
1544	-0.00117774
1545	-0.000852486
1546	-0.000852486
1547	-0.00182824
1548	-0.00117774
1549	-0.00182824
1550	-0.00182824
1551	-0.00150299
1552	0.000123269
1553	-0.00182824
1554	-0.00247874
1555	-0.00215349
1556	-0.00117774
1557	-0.000527234
1558	-0.00182824
1559	0.000773772
1560	-0.00117774
1561	-0.000852486
1562	-0.000852486
1563	-0.00247874
1564	-0.00280399
1565	-0.00247874
1566	-0.004105
1567	-0.00215349
1568	-0.00443025
1569	-0.00443025
1570	-0.0034545
1571	-0.004105
1572	-0.0034545
1573	-0.00117774
1574	-0.00150299
1575	-0.00215349
1576	-0.00280399
1577	-0.0034545
1578	-0.00280399
1579	-0.00247874
1580	-0.00280399
1581	-0.00280399
1582	-0.004105
1583	-0.00312925
1584	-0.00312925
1585	-0.00280399
1586	-0.00377975
1587	-0.004105
1588	-0.00312925
1589	-0.00280399
1590	-0.00377975
1591	-0.0034545
1592	-0.00377975
1593	-0.004105
1594	-0.00280399
1595	-0.004105
1596	-0.004105
1597	-0.00215349
1598	-0.00312925
1599	-0.00280399
1600	-0.0034545
1601	-0.00280399
1602	-0.00312925
1603	-0.004105
1604	-0.00182824
1605	-0.00377975
1606	-0.00312925
1607	-0.00280399
1608	-0.00377975
1609	-0.004105
1610	-0.0047555
1611	-0.00573126
1612	-0.00443025
1613	-0.00377975
1614	-0.00508075
1615	-0.00377975
1616	-0.004105
1617	-0.0047555
1618	-0.004105
1619	-0.00443025
1620	-0.0047555
1621	-0.00443025
1622	-0.00377975
1623	-0.00280399
1624	-0.004105
1625	-0.00377975
1626	-0.00312925
1627	-0.00377975
1628	-0.00312925
1629	-0.00280399
1630	-0.004105
1631	-0.00280399
1632	-0.0034545
1633	-0.0034545
1634	-0.00312925
1635	-0.00377975
1636	-0.00182824
1637	-0.00280399
1638	-0.00280399
1639	-0.00280399
1640	-0.0034545
1641	-0.00377975
1642	-0.0034545
1643	-0.0034545
1644	-0.00247874
1645	-0.00280399
1646	-0.00150299
1647	-0.00312925
1648	-0.0034545
1649	-0.004105
1650	-0.00377975
1651	-0.0034545
1652	-0.00247874
1653	-0.00377975
1654	-0.00312925
1655	-0.00280399
1656	-0.00508075
1657	-0.0047555
1658	-0.004105
1659	-0.004105
1660	-0.00280399
1661	-0.00247874
1662	-0.00377975
1663	-0.004105
1664	-0.0034545
1665	-0.00215349
1666	-0.00280399
1667	-0.00312925
1668	-0.0034545
1669	-0.0047555
1670	-0.00443025
1671	-0.004105
1672	-0.00540601
1673	-0.00443025
1674	-0.00540601
1675	-0.00540601
1676	-0.00443025
1677	-0.00312925
1678	-0.004105
1679	-0.00280399
1680	-0.004105
1681	-0.00150299
1682	-0.00150299
1683	-0.00247874
1684	-0.00215349
1685	-0.00280399
1686	-0.00280399
1687	-0.00377975
1688	-0.004105
1689	-0.00312925
1690	-0.0047555
1691	-0.004105
1692	-0.0047555
1693	-0.00443025
1694	-0.004105
1695	-0.0034545
1696	-0.00280399
1697	-0.00280399
1698	-0.00312925
1699	-0.00215349
1700	0.000123269
1701	-0.00312925
1702	-0.00182824
1703	-0.00182824
1704	-0.00215349
1705	-0.00150299
1706	-0.00312925
1707	-0.00280399
1708	-0.00117774
1709	-0.00312925
1710	-0.00247874
1711	-0.004105
1712	-0.00377975
1713	-0.00312925
1714	-0.00377975
1715	-0.0034545
1716	-0.00280399
1717	-0.0034545
1718	-0.0047555
1719	-0.00377975
1720	-0.004105
1721	-0.00377975
1722	-0.00443025
1723	-0.00377975
1724	-0.004105
1725	-0.00443025
1726	-0.0034545
1727	-0.00443025
1728	-0.0047555
1729	-0.0034545
1730	-0.00540601
1731	-0.0047555
1732	-0.00605651
1733	-0.004105
1734	-0.00443025
1735	-0.00508075
1736	-0.0047555
1737	-0.004105
1738	-0.00377975
1739	-0.00280399
1740	-0.00508075
1741	-0.004105
1742	-0.00247874
1743	-0.00443025
1744	-0.00377975
1745	-0.004105
1746	-0.00508075
1747	-0.00443025
1748	-0.0034545
1749	-0.0034545
1750	-0.004105
1751	-0.00280399
1752	-0.00280399
1753	-0.00150299
1754	-0.00182824
1755	-0.00247874
1756	-0.00377975
1757	-0.00280399
1758	-0.00247874
1759	-0.00280399
1760	-0.00280399
1761	-0.0034545
1762	-0.0047555
1763	-0.00443025
1764	-0.004105
1765	-0.004105
1766	-0.00377975
1767	-0.00508075
1768	-0.00508075
1769	-0.004105
1770	-0.00280399
1771	-0.00280399
1772	-0.004105
1773	-0.0034545
1774	-0.00312925
1775	-0.004105
1776	-0.004105
1777	-0.00312925
1778	-0.0047555
1779	-0.0034545
1780	-0.00508075
1781	-0.0047555
1782	-0.0047555
1783	-0.00312925
1784	-0.00443025
1785	-0.00443025
1786	-0.004105
1787	-0.00247874
1788	-0.00215349
1789	-0.00312925
1790	-0.0034545
1791	-0.00280399
1792	-0.00247874
1793	-0.00312925
1794	-0.00280399
1795	-0.00280399
1796	-0.0034545
1797	-0.00280399
1798	-0.00312925
1799	-0.00312925
1800	-0.004105
1801	-0.00247874
1802	-0.00215349
1803	-0.00247874
1804	-0.00247874
1805	-0.00150299
1806	-0.00117774
1807	-0.00247874
1808	-0.00247874
1809	-0.00215349
1810	-0.00215349
1811	-0.00280399
1812	-0.0034545
1813	-0.00182824
1814	-0.00215349
1815	-0.00182824
1816	-0.00312925
1817	-0.00540601
1818	-0.00215349
1819	-0.0034545
1820	-0.00280399
1821	-0.0034545
1822	-0.00280399
1823	-0.00215349
1824	-0.00182824
1825	-0.00280399
1826	-0.00150299
1827	-0.00182824
1828	-0.00215349
1829	-0.00117774
1830	-0.00215349
1831	-0.00215349
1832	-0.00215349
1833	-0.0034545
1834	-0.00280399
1835	-0.0034545
1836	-0.00280399
1837	-0.00247874
1838	-0.00215349
1839	-0.00182824
1840	-0.00117774
1841	-0.0034545
1842	-0.00150299
1843	-0.00280399
1844	-0.00182824
1845	-0.00182824
1846	-0.00215349
1847	-0.00247874
1848	-0.00280399
1849	-0.00312925
1850	-0.0034545
1851	-0.00247874
1852	-0.00280399
1853	-0.0034545
1854	-0.00312925
1855	-0.00247874
1856	-0.00247874
1857	-0.0034545
1858	-0.00215349
1859	-0.00182824
1860	-0.00215349
1861	-0.00280399
1862	-0.00117774
1863	-0.00215349
1864	-0.00280399
1865	-0.00215349
1866	-0.00117774
1867	-0.004105
1868	-0.00182824
1869	-0.00280399
1870	-0.00247874
1871	-0.000852486
1872	-0.00117774
1873	-0.000852486
1874	0.00044852
1875	-0.000527234
1876	0.000123269
1877	-0.000201983
1878	0.000123269
1879	0.000123269
1880	0.000123269
1881	0.000123269
1882	-0.00150299
1883	0.000123269
1884	0.000123269
1885	-0.000201983
1886	-0.00117774
1887	-0.000852486
1888	-0.00117774
1889	-0.000527234
1890	-0.000527234
1891	0.00044852
1892	0.00109902
1893	0.00044852
1894	0.00044852
1895	0.000123269
1896	0.000773772
1897	0.00142427
1898	0.00044852
1899	-0.000201983
1900	-0.000852486
1901	0.00142427
1902	0.00044852
1903	0.00240003
1904	0.00044852
1905	0.00109902
1906	0.000773772
1907	0.00142427
1908	0.00207478
1909	0.00174953
1910	0.000773772
1911	0.00240003
1912	0.00240003
1913	0.00044852
1914	0.00207478
1915	0.00207478
1916	0.00174953
1917	0.00142427
1918	0.00207478
1919	0.000773772
1920	0.00174953
1921	0.00174953
1922	0.00109902
1923	0.00044852
1924	0.00174953
1925	0.00174953
1926	0.000123269
1927	0.000773772
1928	0.000773772
1929	0.000123269
1930	0.000123269
1931	-0.00182824
1932	0.000123269
1933	-0.00182824
1934	-0.000527234
1935	-0.00117774
1936	-0.00215349
1937	-0.000852486
1938	-0.00117774
1939	-0.000527234
1940	-0.000201983
1941	-0.00117774
1942	-0.00150299
1943	0.00044852
1944	-0.00150299
1945	-0.00182824
1946	-0.00182824
1947	-0.000527234
1948	-0.000852486
1949	-0.00117774
1950	-0.000527234
1951	0.000773772
1952	-0.000852486
1953	0.00044852
1954	-0.000201983
1955	-0.000852486
1956	-0.000201983
1957	-0.000852486
1958	-0.000852486
1959	0.000123269
1960	-0.00117774
1961	-0.00117774
1962	-0.00150299
1963	-0.000852486
1964	0.00109902
1965	0.000123269
1966	0.000773772
1967	-0.000527234
1968	0.000773772
1969	0.00044852
1970	-0.000852486
1971	-0.00117774
1972	0.000123269
1973	-0.00215349
1974	-0.000201983
1975	-0.00215349
1976	-0.00182824
1977	-0.00247874
1978	-0.00247874
1979	-0.00247874
1980	-0.00117774
1981	-0.00117774
1982	0.000773772
1983	-0.000201983
1984	-0.00150299
1985	-0.000527234
1986	-0.00150299
1987	-0.000527234
1988	0.000123269
1989	-0.00247874
1990	-0.00117774
1991	-0.00215349
1992	-0.00150299
1993	-0.00280399
1994	-0.00312925
1995	-0.00280399
1996	-0.0034545
1997	-0.00280399
1998	-0.00312925
1999	-0.004105
2000	-0.00247874
2001	-0.00280399
2002	-0.00247874
2003	-0.00215349
2004	-0.00280399
2005	-0.00280399
2006	-0.00215349
2007	-0.00280399
2008	-0.00247874
2009	-0.00312925
2010	-0.004105
2011	-0.00377975
2012	-0.0047555
2013	-0.00312925
2014	-0.0034545
2015	-0.00312925
2016	-0.00182824
2017	-0.00247874
2018	-0.00117774
2019	-0.00182824
2020	-0.00247874
2021	-0.00117774
2022	-0.00280399
2023	-0.00182824
2024	-0.00312925
2025	-0.00280399
2026	-0.00117774
2027	-0.00150299
2028	-0.00247874
2029	-0.00247874
2030	-0.00182824
2031	-0.00150299
2032	-0.00247874
2033	-0.00117774
2034	-0.00247874
2035	-0.00117774
2036	-0.000527234
2037	-0.000852486
2038	-0.000852486
2039	-0.00117774
2040	-0.000852486
2041	-0.000852486
2042	-0.00182824
2043	-0.00215349
2044	-0.00280399
2045	-0.00312925
2046	-0.00247874
2047	-0.00508075
2048	-0.00280399
2049	-0.00247874
2050	-0.00508075
2051	-0.004105
2052	-0.004105
2053	-0.004105
2054	-0.00182824
2055	-0.0034545
2056	-0.00312925
2057	-0.0034545
2058	-0.00377975
2059	-0.00377975
2060	-0.004105
2061	-0.004105
2062	-0.0034545
2063	-0.00377975
2064	-0.00247874
2065	-0.00443025
2066	-0.0047555
2067	-0.00280399
2068	-0.004105
2069	-0.00443025
2070	-0.0034545
2071	-0.004105
2072	-0.00247874
2073	-0.00312925
2074	-0.00443025
2075	-0.00247874
2076	-0.00377975
2077	-0.00280399
2078	-0.00215349
2079	-0.00247874
2080	-0.00312925
2081	-0.004105
2082	-0.00443025
2083	-0.0047555
2084	-0.00312925
2085	-0.00443025
2086	-0.004105
2087	-0.00573126
2088	-0.0047555
2089	-0.004105
2090	-0.0047555
2091	-0.004105
2092	-0.00377975
2093	-0.004105
2094	-0.00280399
2095	-0.00508075
2096	-0.004105
2097	-0.00377975
2098	-0.00508075
2099	-0.00540601
2100	-0.00703226
2101	-0.00670701
2102	-0.00540601
2103	-0.00670701
2104	-0.0047555
2105	-0.00508075
2106	-0.00605651
2107	-0.0047555
2108	-0.00540601
2109	-0.00247874
2110	-0.00377975
2111	-0.004105
2112	-0.0034545
2113	-0.004105
2114	-0.00377975
2115	-0.00377975
2116	-0.004105
2117	-0.00312925
2118	-0.00280399
2119	-0.00443025
2120	-0.00280399
2121	-0.00540601
2122	-0.00540601
2123	-0.00540601
2124	-0.00443025
2125	-0.00377975
2126	-0.00215349
2127	-0.00377975
2128	-0.00215349
2129	-0.0034545
2130	-0.0047555
2131	-0.0034545
2132	-0.00312925
2133	-0.004105
2134	-0.00312925
2135	-0.00377975
2136	-0.0034545
2137	-0.00280399
2138	-0.004105
2139	-0.00280399
2140	-0.00377975
2141	-0.00312925
2142	-0.00215349
2143	-0.00312925
2144	-0.00377975
2145	-0.0034545
2146	-0.00247874
2147	-0.00215349
2148	-0.00247874
2149	-0.00312925
2150	-0.00280399
2151	-0.00150299
2152	-0.00182824
2153	-0.00247874
2154	-0.00247874
2155	-0.00247874
2156	-0.00247874
2157	-0.00117774
2158	-0.00150299
2159	-0.00215349
2160	-0.00247874
2161	-0.00280399
2162	-0.000852486
2163	-0.00182824
2164	-0.00117774
2165	-0.000201983
2166	-0.000527234
2167	-0.00117774
2168	-0.000201983
2169	-0.000852486
2170	-0.00150299
2171	0.000123269
2172	-0.000852486
2173	-0.000527234
2174	-0.000852486
2175	-0.00150299
2176	-0.00150299
2177	-0.000527234
2178	-0.000527234
2179	-0.000852486
2180	-0.000527234
2181	0.00109902
2182	0.00044852
2183	-0.000201983
2184	-0.000527234
2185	-0.000527234
2186	-0.00182824
2187	-0.000852486
2188	-0.00150299
2189	-0.000852486
2190	-0.000201983
2191	0.000123269
2192	0.000123269
2193	-0.00182824
2194	0.000773772
2195	0.00044852
2196	-0.000852486
2197	0.000123269
2198	0.000123269
2199	0.000123269
2200	-0.000852486
2201	-0.00182824
2202	-0.000527234
2203	-0.00117774
2204	-0.00117774
2205	-0.00150299
2206	-0.00247874
2207	-0.00247874
2208	-0.00117774
2209	-0.00182824
2210	-0.00150299
2211	-0.00215349
2212	-0.00182824
2213	-0.000852486
2214	-0.000852486
2215	-0.000201983
2216	-0.000527234
2217	-0.00182824
2218	-0.00150299
2219	-0.00247874
2220	-0.00117774
2221	-0.000201983
2222	-0.00280399
2223	-0.00247874
2224	-0.00280399
2225	-0.00215349
2226	-0.00247874
2227	-0.00280399
2228	-0.00215349
2229	0.000123269
2230	-0.00247874
2231	-0.000852486
2232	-0.00117774
2233	-0.000201983
2234	-0.00150299
2235	-0.000527234
2236	-0.000852486
2237	0.00044852
2238	-0.00150299
2239	0.000773772
2240	-0.00215349
2241	-0.00150299
2242	-0.000527234
2243	-0.00247874
2244	-0.00182824
2245	-0.00312925
2246	-0.000852486
2247	-0.00150299
2248	-0.00280399
2249	-0.00182824
2250	-0.000852486
2251	-0.00215349
2252	-0.00182824
2253	-0.00117774
2254	-0.00150299
2255	-0.00150299
2256	-0.00150299
2257	-0.00312925
2258	-0.00182824
2259	-0.00215349
2260	-0.00280399
2261	-0.00215349
2262	-0.0034545
2263	-0.00280399
2264	-0.0034545
2265	-0.0034545
2266	-0.00312925
2267	-0.0034545
2268	-0.00117774
2269	-0.00247874
2270	-0.00215349
2271	-0.00182824
2272	-0.00280399
2273	-0.00280399
2274	-0.00280399
2275	-0.00280399
2276	-0.00247874
2277	-0.00247874
2278	-0.00312925
2279	-0.00150299
2280	-0.00280399
2281	-0.004105
2282	-0.00182824
2283	-0.00247874
2284	-0.000852486
2285	-0.000852486
2286	-0.00150299
2287	-0.000852486
2288	-0.00182824
2289	-0.00182824
2290	-0.0034545
2291	-0.00247874
2292	-0.00182824
2293	-0.00247874
2294	-0.00280399
2295	-0.00377975
2296	-0.00215349
2297	-0.00182824
2298	-0.00215349
2299	-0.00215349
2300	-0.00117774
2301	-0.00182824
2302	-0.00280399
2303	-0.00247874
2304	-0.00377975
2305	-0.00443025
2306	-0.00312925
2307	-0.004105
2308	-0.00377975
2309	-0.00247874
2310	-0.00312925
2311	-0.0034545
2312	-0.00508075
2313	-0.00540601
2314	-0.0047555
2315	-0.004105
2316	-0.00573126
2317	-0.004105
2318	-0.0047555
2319	-0.00443025
2320	-0.00443025
2321	-0.00508075
2322	-0.0047555
2323	-0.0047555
2324	-0.0047555
2325	-0.00443025
2326	-0.0047555
2327	-0.004105
2328	-0.00443025
2329	-0.00443025
2330	-0.00443025
2331	-0.0047555
2332	-0.0047555
2333	-0.004105
2334	-0.004105
2335	-0.0034545
2336	-0.004105
2337	-0.0034545
2338	-0.0034545
2339	-0.00312925
2340	-0.00247874
2341	-0.00215349
2342	-0.00280399
2343	-0.00247874
2344	-0.00312925
2345	-0.00215349
2346	-0.00182824
2347	-0.00280399
2348	-0.00117774
2349	-0.00215349
2350	-0.00247874
2351	-0.00150299
2352	-0.00247874
2353	-0.00247874
2354	-0.00215349
2355	-0.00215349
2356	-0.00215349
2357	-0.00117774
2358	-0.00182824
2359	-0.000852486
2360	-0.00150299
2361	-0.00247874
2362	-0.00150299
2363	-0.00182824
2364	-0.00215349
2365	-0.00247874
2366	-0.00247874
2367	-0.00280399
2368	-0.00280399
2369	-0.00280399
2370	-0.0034545
2371	-0.00280399
2372	-0.00215349
2373	-0.00247874
2374	-0.00150299
2375	-0.00280399
2376	-0.000852486
2377	-0.000527234
2378	-0.000852486
2379	-0.00247874
2380	-0.00150299
2381	-0.00117774
2382	-0.00312925
2383	-0.00182824
2384	-0.00280399
2385	-0.00215349
2386	-0.00247874
2387	-0.00312925
2388	-0.00182824
2389	-0.00312925
2390	-0.000527234
2391	-0.00247874
2392	-0.00150299
2393	-0.000201983
2394	0.000123269
2395	-0.00182824
2396	-0.00182824
2397	-0.00182824
2398	-0.000852486
2399	-0.000852486
2400	-0.00215349
2401	-0.00150299
2402	-0.0034545
2403	-0.00247874
2404	-0.000852486
2405	-0.00215349
2406	-0.00117774
2407	-0.000852486
2408	-0.00215349
2409	-0.000527234
2410	0.000123269
2411	-0.00182824
2412	0.00109902
2413	-0.00150299
2414	-0.00182824
2415	-0.00150299
2416	-0.000852486
2417	-0.0034545
2418	-0.00280399
2419	-0.00312925
2420	-0.00247874
2421	-0.00377975
2422	-0.00215349
2423	-0.00215349
2424	-0.00247874
2425	-0.00150299
2426	-0.00150299
2427	-0.00247874
2428	-0.000852486
2429	-0.00150299
2430	-0.000852486
2431	-0.00150299
2432	-0.00150299
2433	-0.00150299
2434	-0.00312925
2435	-0.00443025
2436	-0.00182824
2437	-0.00247874
2438	-0.00280399
2439	-0.00312925
2440	-0.00247874
2441	-0.0034545
2442	-0.004105
2443	-0.00280399
2444	-0.00182824
2445	-0.00312925
2446	-0.00150299
2447	-0.000527234
2448	-0.000527234
2449	-0.00182824
2450	-0.00150299
2451	-0.00247874
2452	-0.00312925
2453	-0.004105
2454	-0.0034545
2455	-0.00280399
2456	-0.00247874
2457	-0.00182824
2458	0.00044852
2459	-0.00865852
2460	-0.00215349
2461	-0.000527234
2462	-0.00768277
2463	0.00435154
2464	-0.00443025
2465	0.00044852
2466	-0.00182824
2467	-0.00540601
2468	-0.000852486
2469	-0.00540601
2470	-0.00182824
2471	-0.00443025
2472	-0.00508075
2473	-0.0047555
2474	-0.00540601
2475	-0.00280399
2476	-0.00443025
2477	-0.00182824
2478	-0.00443025
2479	-0.00443025
2480	-0.00443025
2481	-0.00247874
2482	-0.0034545
2483	-0.00247874
2484	-0.00377975
2485	-0.00280399
2486	-0.00443025
2487	-0.00377975
2488	-0.004105
2489	-0.00280399
2490	-0.0047555
2491	-0.0034545
2492	-0.00443025
2493	-0.004105
2494	-0.004105
2495	-0.00280399
2496	-0.00215349
2497	-0.00150299
2498	-0.000201983
2499	0.00402629
2500	0.00044852
2501	0.00240003
2502	-0.00280399
2503	-0.000852486
2504	-0.00182824
2505	-0.000527234
2506	-0.00182824
2507	-0.00377975
2508	-0.00247874
2509	-0.00247874
2510	-0.00312925
2511	-0.00117774
2512	-0.00117774
2513	-0.000852486
2514	-0.004105
2515	-0.00215349
2516	-0.00247874
2517	-0.00150299
2518	0.000123269
2519	-0.00215349
2520	-0.00182824
2521	-0.00247874
2522	-0.00150299
2523	-0.000527234
2524	-0.00215349
2525	-0.00377975
2526	-0.00215349
2527	-0.0034545
2528	-0.00312925
2529	-0.00247874
2530	-0.004105
2531	-0.00150299
2532	-0.004105
2533	-0.004105
2534	-0.00215349
2535	-0.0034545
2536	-0.00312925
2537	-0.00280399
2538	-0.00377975
2539	-0.0034545
2540	-0.00377975
2541	-0.00312925
2542	-0.00377975
2543	-0.0034545
2544	-0.00182824
2545	-0.00247874
2546	-0.00312925
2547	-0.00280399
2548	-0.00215349
2549	-0.00182824
2550	-0.00247874
2551	-0.000201983
2552	-0.000527234
2553	-0.000852486
2554	-0.00182824
2555	-0.000527234
2556	-0.000201983
2557	-0.00117774
2558	0.000773772
2559	-0.00117774
2560	-0.00117774
2561	-0.00215349
2562	-0.00247874
2563	-0.000527234
2564	-0.00247874
2565	-0.00117774
2566	-0.00117774
2567	-0.00215349
2568	-0.00150299
2569	-0.00117774
2570	-0.000852486
2571	-0.000852486
2572	-0.00215349
2573	-0.00280399
2574	-0.00150299
2575	-0.00182824
2576	-0.00247874
2577	-0.00215349
2578	-0.00443025
2579	-0.00215349
2580	-0.00312925
2581	-0.00377975
2582	-0.0034545
2583	-0.00377975
2584	-0.0034545
2585	-0.0034545
2586	-0.00312925
2587	-0.00312925
2588	-0.00377975
2589	-0.00247874
2590	-0.00182824
2591	-0.00312925
2592	-0.00247874
2593	-0.00247874
2594	-0.000852486
2595	-0.00150299
2596	-0.00280399
2597	-0.00182824
2598	-0.00312925
2599	-0.00443025
2600	-0.0034545
2601	-0.00247874
2602	-0.00247874
2603	-0.00215349
2604	-0.00150299
2605	-0.00247874
2606	-0.000527234
2607	-0.00117774
2608	-0.000852486
2609	0.000123269
2610	-0.00117774
2611	0.000123269
2612	-0.00215349
2613	-0.00247874
2614	-0.00117774
2615	-0.00247874
2616	-0.004105
2617	0.000123269
2618	-0.0034545
2619	-0.000852486
2620	-0.00215349
2621	-0.00150299
2622	-0.000852486
2623	-0.00247874
2624	-0.00117774
2625	0.00044852
2626	-0.00247874
2627	-0.000527234
2628	-0.00280399
2629	-0.00280399
2630	-0.00312925
2631	-0.00540601
2632	-0.0047555
2633	-0.0047555
2634	-0.00377975
2635	-0.0034545
2636	-0.00312925
2637	-0.0034545
2638	-0.00247874
2639	-0.00377975
2640	-0.00247874
2641	-0.00377975
2642	-0.00280399
2643	-0.00247874
2644	-0.00215349
2645	-0.00280399
2646	-0.00150299
2647	-0.00215349
2648	-0.00247874
2649	-0.00280399
2650	-0.00150299
2651	-0.00150299
2652	-0.0034545
2653	-0.0034545
2654	-0.00215349
2655	-0.00215349
2656	-0.000527234
2657	-0.00215349
2658	-0.00247874
2659	-0.00280399
2660	-0.00215349
2661	-0.00150299
2662	-0.000527234
2663	-0.000527234
2664	-0.00117774
2665	-0.00215349
2666	-0.00150299
2667	-0.00247874
2668	-0.00280399
2669	-0.00280399
2670	-0.0034545
2671	-0.00215349
2672	-0.000201983
2673	-0.00182824
2674	-0.00150299
2675	-0.0034545
2676	-0.00247874
2677	-0.00215349
2678	-0.00150299
2679	-0.00182824
2680	-0.00247874
2681	-0.00117774
2682	-0.000201983
2683	-0.00150299
2684	-0.00280399
2685	-0.00247874
2686	-0.00215349
2687	-0.004105
2688	-0.00508075
2689	-0.004105
2690	-0.004105
2691	-0.00443025
2692	-0.00280399
2693	-0.00280399
2694	-0.00280399
2695	-0.00182824
2696	-0.00280399
2697	-0.00312925
2698	-0.00377975
2699	-0.00312925
2700	-0.00215349
2701	-0.000852486
2702	-0.00215349
2703	-0.00215349
2704	-0.0034545
2705	-0.0034545
2706	-0.0034545
2707	-0.00215349
2708	-0.00215349
2709	-0.00280399
2710	-0.00377975
2711	-0.00247874
2712	-0.00280399
2713	-0.00215349
2714	-0.00150299
2715	-0.00150299
2716	-0.000852486
2717	-0.00443025
2718	-0.00117774
2719	-0.00312925
2720	-0.000852486
2721	-0.00117774
2722	0.00109902
2723	-0.00800802
2724	0.00174953
2725	-0.00377975
2726	0.000773772
2727	0.00109902
2728	-0.00377975
2729	-0.000852486
2730	-0.00377975
2731	-0.000527234
2732	-0.000852486
2733	-0.00215349
2734	-0.00117774
2735	-0.00312925
2736	-0.000852486
2737	-0.00215349
2738	-0.00117774
2739	0.00044852
2740	-0.00280399
2741	-0.000852486
2742	-0.00280399
2743	-0.00215349
2744	-0.00182824
2745	-0.00280399
2746	-0.00280399
2747	-0.00280399
2748	-0.00247874
2749	-0.0034545
2750	-0.00182824
2751	-0.00215349
2752	-0.00215349
2753	-0.00312925
2754	-0.00215349
2755	-0.0034545
2756	-0.00247874
2757	-0.00377975
2758	-0.0034545
2759	-0.00377975
2760	-0.0034545
2761	-0.00443025
2762	-0.00312925
2763	-0.00280399
2764	-0.00312925
2765	-0.00280399
2766	-0.00182824
2767	-0.00312925
2768	-0.00117774
2769	-0.00312925
2770	-0.00150299
2771	-0.00377975
2772	-0.00215349
2773	-0.00280399
2774	-0.00377975
2775	-0.00377975
2776	-0.0034545
2777	-0.00215349
2778	-0.00150299
2779	-0.00215349
2780	-0.00312925
2781	-0.00280399
2782	-0.00117774
2783	-0.00182824
2784	-0.000527234
2785	-0.00247874
2786	-0.00215349
2787	-0.00247874
2788	-0.000527234
2789	-0.00215349
2790	-0.00150299
2791	-0.00182824
2792	-0.00215349
2793	-0.00443025
2794	-0.00247874
2795	-0.00312925
2796	-0.0034545
2797	-0.00215349
2798	-0.00215349
2799	-0.00215349
2800	-0.00182824
2801	-0.00117774
2802	-0.00117774
2803	-0.00150299
2804	-0.00182824
2805	-0.00215349
2806	-0.000527234
2807	-0.000852486
2808	-0.00150299
2809	-0.00215349
2810	-0.000527234
2811	-0.00182824
2812	-0.00215349
2813	-0.00150299
2814	-0.00117774
2815	-0.00150299
2816	-0.000527234
2817	-0.000527234
2818	-0.000201983
2819	-0.00150299
2820	-0.00182824
2821	0.000123269
2822	-0.000201983
2823	-0.00150299
2824	-0.000852486
2825	-0.00182824
2826	-0.000527234
2827	0.000123269
2828	-0.000852486
2829	-0.00117774
2830	-0.00182824
2831	-0.00215349
2832	-0.00150299
2833	-0.00117774
2834	-0.000852486
2835	-0.00150299
2836	-0.00117774
2837	0.00044852
2838	-0.000852486
2839	-0.000201983
2840	-0.000852486
2841	0.00044852
2842	0.00044852
2843	-0.000527234
2844	-0.00182824
2845	-0.00182824
2846	-0.00215349
2847	-0.00312925
2848	-0.000852486
2849	-0.00312925
2850	-0.00312925
2851	-0.00247874
2852	-0.00150299
2853	-0.000527234
2854	-0.000852486
2855	-0.00117774
2856	-0.00117774
2857	-0.00215349
2858	-0.00117774
2859	-0.00117774
2860	-0.00117774
2861	-0.000852486
2862	-0.00247874
2863	-0.00182824
2864	-0.00247874
2865	-0.00377975
2866	-0.00182824
2867	-0.00377975
2868	-0.00280399
2869	-0.000527234
2870	-0.00280399
2871	-0.000852486
2872	-0.00150299
2873	0.00207478
2874	0.00500204
2875	0.00174953
2876	0.00207478
2877	-0.00150299
2878	0.000773772
2879	-0.000852486
2880	0.00272528
2881	0.00044852
2882	-0.000527234
2883	-0.0034545
2884	-0.00117774
2885	-0.00247874
2886	-0.000527234
2887	-0.000201983
2888	-0.00150299
2889	-0.004105
2890	0.000773772
2891	-0.0034545
2892	0.00044852
2893	-0.00150299
2894	-0.000852486
2895	-0.004105
2896	-0.00312925
2897	-0.004105
2898	-0.00182824
2899	-0.00377975
2900	-0.00215349
2901	-0.00312925
2902	-0.0034545
2903	-0.0034545
2904	-0.0034545
2905	-0.0034545
2906	-0.00312925
2907	-0.0047555
2908	-0.00215349
2909	-0.004105
2910	-0.00377975
2911	-0.00443025
2912	-0.00280399
2913	-0.004105
2914	-0.004105
2915	-0.0047555
2916	-0.0047555
2917	-0.00508075
2918	-0.00508075
2919	-0.00573126
2920	-0.00605651
2921	-0.00573126
2922	-0.00573126
2923	-0.00573126
2924	-0.00377975
2925	-0.00377975
2926	-0.00280399
2927	-0.00312925
2928	-0.00280399
2929	-0.004105
2930	-0.0047555
2931	-0.00540601
2932	-0.00508075
2933	-0.00605651
2934	-0.00540601
2935	-0.00540601
2936	-0.00540601
2937	-0.004105
2938	-0.004105
2939	-0.00638176
2940	-0.00540601
2941	-0.00508075
2942	-0.00377975
2943	-0.00573126
2944	-0.00540601
2945	-0.00508075
2946	-0.0047555
2947	-0.0047555
2948	-0.00508075
2949	-0.00508075
2950	-0.00443025
2951	-0.00735751
2952	-0.00573126
2953	-0.00540601
2954	-0.00670701
2955	-0.00605651
2956	-0.00573126
2957	-0.00540601
2958	-0.00573126
2959	-0.00573126
2960	-0.00573126
2961	-0.00508075
2962	-0.00312925
2963	-0.00540601
2964	-0.00508075
2965	-0.00377975
2966	-0.00280399
2967	-0.00312925
2968	-0.00312925
2969	-0.0034545
2970	-0.004105
2971	-0.00377975
2972	-0.00540601
2973	-0.0047555
2974	-0.00443025
2975	-0.00508075
2976	-0.00377975
2977	-0.00508075
2978	-0.00312925
2979	-0.00377975
2980	-0.00508075
2981	-0.00280399
2982	-0.00247874
2983	-0.00247874
2984	-0.00150299
2985	-0.00215349
2986	-0.00150299
2987	-0.00182824
2988	-0.00312925
2989	-0.0034545
2990	-0.00280399
2991	-0.00150299
2992	-0.00247874
2993	-0.0034545
2994	-0.00182824
2995	-0.00280399
2996	-0.00215349
2997	-0.000852486
2998	0.000123269
2999	-0.000201983
3000	-0.000201983
3001	-0.000527234
3002	0.000123269
3003	0.000123269
3004	0.000123269
3005	0.000773772
3006	-0.00182824
3007	-0.00182824
3008	-0.00215349
3009	-0.00117774
3010	-0.00150299
3011	-0.00215349
3012	-0.00117774
3013	-0.000852486
3014	-0.00117774
3015	-0.000201983
3016	0.000123269
3017	-0.000527234
3018	0.000123269
3019	0.000123269
3020	0.00109902
3021	-0.000852486
3022	-0.000201983
3023	-0.00117774
3024	-0.000201983
3025	-0.00215349
3026	-0.00182824
3027	-0.00182824
3028	-0.00150299
3029	-0.000852486
3030	-0.00312925
3031	0.000123269
3032	-0.00117774
3033	-0.00150299
3034	-0.00117774
3035	-0.00117774
3036	-0.00280399
3037	-0.000852486
3038	-0.000527234
3039	-0.000852486
3040	-0.00215349
3041	-0.00215349
3042	-0.00150299
3043	-0.00117774
3044	-0.000201983
3045	-0.00117774
3046	-0.00117774
3047	-0.00117774
3048	-0.00182824
3049	-0.000852486
3050	-0.000527234
3051	-0.000527234
3052	-0.00117774
3053	-0.00117774
3054	0.00044852
3055	-0.000852486
3056	0.00044852
3057	-0.000852486
3058	-0.00150299
3059	-0.00247874
3060	-0.00247874
3061	-0.00182824
3062	-0.00182824
3063	-0.00247874
3064	-0.00117774
3065	-0.00150299
3066	-0.000852486
3067	-0.000201983
3068	-0.000852486
3069	-0.000201983
3070	-0.00117774
3071	-0.00117774
3072	-0.00182824
3073	-0.00182824
3074	0.000123269
3075	-0.00117774
3076	0.00044852
3077	0.00109902
3078	-0.00182824
3079	-0.000527234
3080	-0.000527234
3081	-0.000527234
3082	-0.000201983
3083	-0.000527234
3084	-0.00117774
3085	-0.00280399
3086	-0.00150299
3087	-0.00150299
3088	-0.00150299
3089	-0.00117774
3090	-0.000852486
3091	-0.000852486
3092	-0.00117774
3093	-0.00117774
3094	0.000123269
3095	-0.00117774
3096	-0.000527234
3097	-0.00150299
3098	-0.00215349
3099	-0.00117774
3100	-0.000852486
3101	-0.00215349
3102	-0.00150299
3103	-0.00182824
3104	-0.00182824
3105	-0.00117774
3106	-0.00182824
3107	-0.00215349
3108	-0.00182824
3109	-0.00312925
3110	-0.000852486
3111	-0.00215349
3112	-0.00215349
3113	-0.00312925
3114	-0.00247874
3115	-0.00150299
3116	-0.00312925
3117	-0.00312925
3118	-0.0034545
3119	-0.00280399
3120	-0.00312925
3121	-0.00312925
3122	-0.00215349
3123	-0.00280399
3124	-0.000852486
3125	-0.000852486
3126	-0.000852486
3127	-0.000527234
3128	0.000123269
3129	-0.000201983
3130	-0.000852486
3131	-0.00117774
3132	-0.00182824
3133	-0.00182824
3134	-0.00150299
3135	-0.00215349
3136	-0.00150299
3137	0.00044852
3138	-0.000201983
3139	0.000773772
3140	0.00109902
3141	0.00142427
3142	0.00272528
3143	0.00174953
3144	0.00044852
3145	-0.000852486
3146	0.00044852
3147	0.00142427
3148	-0.00150299
3149	-0.00150299
3150	0.000773772
3151	-0.000527234
3152	0.000123269
3153	0.000123269
3154	-0.000201983
3155	0.000773772
3156	0.000773772
3157	0.000773772
3158	-0.000201983
3159	0.000123269
3160	-0.000201983
3161	-0.000852486
3162	-0.000852486
3163	-0.00117774
3164	-0.000527234
3165	-0.00150299
3166	-0.00215349
3167	-0.00150299
3168	-0.00182824
3169	-0.00182824
3170	-0.00150299
3171	-0.0034545
3172	-0.00215349
3173	-0.00312925
3174	-0.00377975
3175	-0.0034545
3176	-0.0034545
3177	-0.00280399
3178	-0.00312925
3179	-0.00312925
3180	-0.00312925
3181	-0.00280399
3182	-0.0034545
3183	-0.00215349
3184	-0.00312925
3185	-0.00377975
3186	-0.0034545
3187	-0.00377975
3188	-0.00443025
3189	-0.00443025
3190	-0.00377975
3191	-0.00443025
3192	-0.00247874
3193	-0.00508075
3194	-0.00443025
3195	-0.00312925
3196	-0.00280399
3197	-0.00312925
3198	-0.00377975
3199	-0.0047555
3200	-0.00443025
3201	-0.004105
3202	-0.00443025
3203	-0.00443025
3204	-0.00573126
3205	-0.004105
3206	-0.00312925
3207	-0.00377975
3208	-0.00443025
3209	-0.00443025
3210	-0.004105
3211	-0.0034545
3212	-0.00182824
3213	-0.00247874
3214	-0.0034545
3215	-0.00280399
3216	-0.00280399
3217	-0.00443025
3218	-0.0034545
3219	-0.004105
3220	-0.004105
3221	-0.00508075
3222	-0.00508075
3223	-0.004105
3224	-0.00280399
3225	-0.00280399
3226	-0.00280399
3227	-0.0034545
3228	-0.0034545
3229	-0.00312925
3230	-0.0034545
3231	-0.00280399
3232	-0.00280399
3233	-0.0034545
3234	-0.0034545
3235	-0.004105
3236	-0.00443025
3237	-0.00443025
3238	-0.00508075
3239	-0.0047555
3240	-0.00508075
3241	-0.00443025
3242	-0.00443025
3243	-0.00508075
3244	-0.00312925
3245	-0.00443025
3246	-0.00540601
3247	-0.00443025
3248	-0.00508075
3249	-0.004105
3250	-0.00638176
3251	-0.00573126
3252	-0.00508075
3253	-0.00508075
3254	-0.00638176
3255	-0.00443025
3256	-0.004105
3257	-0.004105
3258	-0.00605651
3259	-0.00508075
3260	-0.00573126
3261	-0.00605651
3262	-0.0047555
3263	-0.0047555
3264	-0.00573126
3265	-0.00573126
3266	-0.0034545
3267	-0.004105
3268	-0.00377975
3269	-0.00247874
3270	-0.00280399
3271	-0.00312925
3272	-0.004105
3273	-0.0047555
3274	-0.00573126
3275	-0.004105
3276	-0.0047555
3277	-0.00540601
3278	-0.00540601
3279	-0.00573126
3280	-0.00443025
3281	-0.0047555
3282	-0.0047555
3283	-0.00540601
3284	-0.00312925
3285	-0.0034545
3286	-0.004105
3287	-0.0034545
3288	-0.00280399
3289	-0.00443025
3290	-0.00443025
3291	-0.00540601
3292	-0.00443025
3293	-0.00312925
3294	-0.00443025
3295	-0.00443025
3296	-0.00573126
3297	-0.00508075
3298	-0.00312925
3299	-0.0047555
3300	-0.00280399
3301	-0.004105
3302	-0.00312925
3303	-0.00215349
3304	-0.00247874
3305	-0.00312925
3306	-0.0034545
3307	-0.00280399
3308	-0.00150299
3309	-0.00182824
3310	-0.00377975
3311	-0.00247874
3312	-0.00377975
3313	-0.00247874
3314	-0.00150299
3315	-0.00150299
3316	-0.00117774
3317	-0.00182824
3318	-0.000852486
3319	-0.00150299
3320	-0.00150299
3321	-0.00150299
3322	-0.00150299
3323	-0.00150299
3324	-0.00215349
3325	-0.00247874
3326	-0.00280399
3327	-0.0034545
3328	-0.004105
3329	-0.00182824
3330	-0.00150299
3331	-0.00182824
3332	-0.00117774
3333	-0.00215349
3334	-0.00150299
3335	-0.000852486
3336	-0.000852486
3337	-0.00182824
3338	-0.00247874
3339	-0.00182824
3340	-0.000527234
3341	-0.000852486
3342	-0.00117774
3343	-0.00117774
3344	-0.00117774
3345	-0.000201983
3346	-0.00117774
3347	-0.00117774
3348	-0.00117774
3349	-0.00182824
3350	-0.00182824
3351	-0.000527234
3352	0.00044852
3353	0.000773772
3354	-0.00117774
3355	0.000123269
3356	0.00044852
3357	-0.000852486
3358	-0.00215349
3359	-0.000852486
3360	-0.00117774
3361	-0.00247874
3362	-0.00182824
3363	-0.00280399
3364	-0.00182824
3365	-0.00312925
3366	-0.000852486
3367	-0.00215349
3368	-0.00247874
3369	-0.0034545
3370	-0.00377975
3371	-0.00150299
3372	-0.00215349
3373	-0.0034545
3374	-0.00312925
3375	-0.00377975
3376	-0.0034545
3377	-0.00377975
3378	-0.00377975
3379	-0.00377975
3380	-0.004105
3381	-0.004105
3382	-0.00508075
3383	-0.00377975
3384	-0.0034545
3385	-0.004105
3386	-0.00443025
3387	-0.00443025
3388	-0.0034545
3389	-0.0034545
3390	-0.0047555
3391	-0.00443025
3392	-0.00182824
3393	-0.00443025
3394	-0.0047555
3395	-0.00377975
3396	-0.00443025
3397	-0.00508075
3398	-0.004105
3399	-0.00377975
3400	-0.00508075
3401	-0.00508075
3402	-0.0047555
3403	-0.0047555
3404	-0.00312925
3405	-0.0034545
3406	-0.0034545
3407	-0.004105
3408	-0.00215349
3409	-0.00215349
3410	-0.00312925
3411	-0.00312925
3412	-0.0047555
3413	-0.004105
3414	-0.00377975
3415	-0.00638176
3416	-0.00605651
3417	-0.0047555
3418	-0.00508075
3419	-0.004105
3420	-0.00508075
3421	-0.0047555
3422	-0.00443025
3423	-0.004105
3424	-0.0034545
3425	-0.004105
3426	-0.00443025
3427	-0.00540601
3428	-0.0047555
3429	-0.00508075
3430	-0.0034545
3431	-0.00540601
3432	-0.00670701
3433	-0.00638176
3434	-0.00605651
3435	-0.0047555
3436	-0.00670701
3437	-0.00540601
3438	-0.00605651
3439	-0.00605651
3440	-0.00573126
3441	-0.00540601
3442	-0.00573126
3443	-0.00508075
3444	-0.00508075
3445	-0.00638176
3446	-0.00443025
3447	-0.00443025
3448	-0.0034545
3449	-0.004105
3450	-0.00670701
3451	-0.00605651
3452	-0.00540601
3453	-0.00540601
3454	-0.00443025
3455	-0.004105
3456	-0.00508075
3457	-0.0034545
3458	-0.004105
3459	-0.0047555
3460	-0.00540601
3461	-0.00377975
3462	-0.00377975
3463	-0.0047555
3464	-0.00247874
3465	-0.00312925
3466	-0.00312925
3467	-0.004105
3468	-0.0034545
3469	-0.00280399
3470	-0.00377975
3471	-0.00377975
3472	-0.0034545
3473	-0.0034545
3474	-0.00182824
3475	-0.00312925
3476	-0.0034545
3477	-0.00312925
3478	-0.00150299
3479	-0.00247874
3480	-0.00150299
3481	-0.000852486
3482	-0.00247874
3483	-0.00247874
3484	-0.00215349
3485	-0.00150299
3486	-0.00215349
3487	-0.00215349
3488	-0.00312925
3489	-0.00443025
3490	-0.0034545
3491	-0.00280399
3492	-0.00377975
3493	-0.00280399
3494	-0.00182824
3495	-0.000852486
3496	-0.000852486
3497	-0.00117774
3498	-0.00150299
3499	-0.000527234
3500	-0.000852486
3501	0.000123269
3502	-0.00150299
3503	-0.00215349
3504	-0.000852486
3505	-0.00182824
3506	-0.000201983
3507	-0.00215349
3508	-0.00247874
3509	-0.00150299
3510	0.000123269
3511	-0.000527234
3512	-0.000201983
3513	-0.000852486
3514	0.00142427
3515	0.000773772
3516	0.000123269
3517	0.000123269
3518	0.000123269
3519	0.000773772
3520	-0.000527234
3521	0.00044852
3522	0.000773772
3523	0.000123269
3524	0.000123269
3525	0.00044852
3526	0.00109902
3527	0.00044852
3528	0.00109902
3529	0.00142427
3530	0.000773772
3531	0.00044852
3532	0.00207478
3533	0.00207478
3534	0.00044852
3535	0.00109902
3536	0.00240003
3537	0.00272528
3538	0.00272528
3539	0.00044852
3540	0.00044852
3541	0.000773772
3542	-0.000527234
3543	0.00109902
3544	-0.000201983
3545	0.00044852
3546	0.00044852
3547	0.00109902
3548	0.00109902
3549	0.00109902
3550	0.00174953
3551	0.00174953
3552	0.00174953
3553	0.00142427
3554	0.00142427
3555	0.00109902
3556	0.000123269
3557	0.00174953
3558	0.00142427
3559	0.00142427
3560	0.00044852
3561	0.00109902
3562	0.00174953
3563	0.00109902
3564	0.00174953
3565	0.00142427
3566	0.00272528
3567	0.00272528
3568	0.00402629
3569	0.00240003
3570	0.00207478
3571	0.00142427
3572	0.00240003
3573	0.00337578
3574	0.00142427
3575	0.00109902
3576	-0.000527234
3577	-0.000201983
3578	0.000773772
3579	-0.000201983
3580	0.00109902
3581	0.00207478
3582	0.00142427
3583	0.00240003
3584	0.00272528
3585	0.00272528
3586	0.00174953
3587	0.000123269
3588	0.00109902
3589	0.000773772
3590	-0.000201983
3591	-0.000201983
3592	0.00044852
3593	0.000123269
3594	-0.000201983
3595	-0.000201983
3596	0.00044852
3597	0.000123269
3598	-0.000527234
3599	0.00142427
3600	0.000123269
3601	-0.000527234
3602	0.00044852
3603	-0.000201983
3604	0.000123269
3605	0.00109902
3606	0.000773772
3607	0.00109902
3608	0.00142427
3609	0.00044852
3610	0.00109902
3611	0.00044852
3612	-0.000527234
3613	0.000773772
3614	-0.000852486
3615	-0.000852486
3616	-0.000852486
3617	-0.00215349
3618	-0.000527234
3619	-0.00117774
3620	0.000123269
3621	-0.00117774
3622	0.000123269
3623	0.000773772
3624	-0.000852486
3625	0.00044852
3626	0.00044852
3627	-0.000852486
3628	-0.000852486
3629	0.000123269
3630	-0.00280399
3631	-0.00150299
3632	-0.00247874
3633	-0.00182824
3634	-0.00182824
3635	-0.00215349
3636	-0.000852486
3637	-0.000852486
3638	-0.00150299
3639	-0.000201983
3640	-0.000852486
3641	-0.000852486
3642	0.00044852
3643	-0.000852486
3644	-0.000527234
3645	-0.00182824
3646	-0.00150299
3647	-0.00215349
3648	-0.00312925
3649	-0.00182824
3650	-0.00247874
3651	-0.0034545
3652	-0.00247874
3653	-0.00247874
3654	-0.00182824
3655	-0.00150299
3656	-0.00247874
3657	-0.000852486
3658	-0.000852486
3659	-0.000527234
3660	-0.00215349
3661	-0.00215349
3662	-0.000201983
3663	-0.00150299
3664	-0.00280399
3665	-0.00247874
3666	-0.00247874
3667	-0.0034545
3668	-0.00215349
3669	-0.00312925
3670	-0.000527234
3671	-0.00247874
3672	-0.00247874
3673	-0.000852486
3674	0.00044852
3675	-0.000852486
3676	-0.000852486
3677	-0.00215349
3678	-0.00117774
3679	-0.00215349
3680	-0.00280399
3681	-0.00280399
3682	-0.00182824
3683	-0.00247874
3684	-0.0034545
3685	-0.00377975
3686	-0.00215349
3687	-0.00247874
3688	-0.00280399
3689	-0.00182824
3690	-0.00280399
3691	-0.00215349
3692	-0.00150299
3693	-0.0034545
3694	-0.00215349
3695	-0.000852486
3696	-0.00117774
3697	-0.00150299
3698	-0.00280399
3699	-0.00117774
3700	-0.000852486
3701	-0.004105
3702	-0.00247874
3703	-0.00377975
3704	-0.00312925
3705	-0.00247874
3706	-0.00377975
3707	-0.00443025
3708	-0.00377975
3709	-0.004105
3710	-0.00377975
3711	-0.0034545
3712	-0.00182824
3713	-0.00182824
3714	-0.00215349
3715	-0.00215349
3716	-0.00182824
3717	-0.00312925
3718	-0.00182824
3719	-0.00280399
3720	-0.0034545
3721	-0.00182824
3722	-0.00280399
3723	-0.00312925
3724	-0.00280399
3725	-0.00312925
3726	-0.00117774
3727	-0.000527234
3728	-0.00117774
3729	-0.00150299
3730	-0.00247874
3731	-0.00150299
3732	-0.00150299
3733	-0.0034545
3734	-0.00280399
3735	-0.00215349
3736	-0.00247874
3737	-0.00280399
3738	-0.00443025
3739	-0.00443025
3740	-0.00443025
3741	-0.00377975
3742	-0.00443025
3743	-0.00280399
3744	-0.00215349
3745	-0.00117774
3746	-0.00215349
3747	-0.00215349
3748	-0.00215349
3749	-0.00280399
3750	-0.0034545
3751	-0.00443025
3752	-0.00443025
3753	-0.00443025
3754	-0.00508075
3755	-0.00605651
3756	-0.00573126
3757	-0.00312925
3758	-0.0034545
3759	-0.0034545
3760	-0.00377975
3761	-0.00247874
3762	-0.00247874
3763	-0.00247874
3764	-0.00215349
3765	-0.0034545
3766	-0.00312925
3767	-0.00377975
3768	-0.00377975
3769	-0.0047555
3770	-0.0034545
3771	-0.00443025
3772	-0.00443025
3773	-0.004105
3774	-0.00280399
3775	-0.00377975
3776	-0.004105
3777	-0.00540601
3778	-0.00280399
3779	-0.00377975
3780	-0.00377975
3781	-0.00377975
3782	-0.00443025
3783	-0.00377975
3784	-0.00215349
3785	-0.00312925
3786	-0.00215349
3787	-0.0034545
3788	-0.00508075
3789	-0.00280399
3790	-0.00312925
3791	-0.004105
3792	-0.0034545
3793	-0.00540601
3794	-0.0034545
3795	-0.00377975
3796	-0.00443025
3797	-0.0034545
3798	-0.00215349
3799	-0.00182824
3800	-0.00247874
3801	-0.00280399
3802	-0.00182824
3803	-0.000852486
3804	-0.0034545
3805	-0.00182824
3806	-0.004105
3807	-0.004105
3808	-0.00443025
3809	-0.00605651
3810	-0.00540601
3811	-0.0047555
3812	-0.00443025
3813	-0.0034545
3814	-0.0047555
3815	-0.004105
3816	-0.00280399
3817	-0.00312925
3818	-0.004105
3819	-0.00443025
3820	-0.0034545
3821	-0.004105
3822	-0.00540601
3823	-0.00443025
3824	-0.0034545
3825	-0.00443025
3826	-0.00508075
3827	-0.00540601
3828	-0.00540601
3829	-0.00540601
3830	-0.00670701
3831	-0.00605651
3832	-0.00573126
3833	-0.00573126
3834	-0.00443025
3835	-0.00573126
3836	-0.00508075
3837	-0.00573126
3838	-0.00508075
3839	-0.00638176
3840	-0.00670701
3841	-0.00605651
3842	-0.00670701
3843	-0.00735751
3844	-0.00930902
3845	-0.00735751
3846	-0.00703226
3847	-0.00833327
3848	-0.00800802
3849	-0.00670701
3850	-0.00768277
3851	-0.00703226
3852	-0.00768277
3853	-0.00638176
3854	-0.00800802
3855	-0.00768277
3856	-0.00768277
3857	-0.00768277
3858	-0.00735751
3859	-0.00898377
3860	-0.00800802
3861	-0.00833327
3862	-0.00865852
3863	-0.00865852
3864	-0.00768277
3865	-0.00703226
3866	-0.00638176
3867	-0.00768277
3868	-0.00735751
3869	-0.00670701
3870	-0.00638176
3871	-0.00670701
3872	-0.00670701
3873	-0.00605651
3874	-0.00638176
3875	-0.00703226
3876	-0.00638176
3877	-0.00605651
3878	-0.00605651
3879	-0.00508075
3880	-0.00638176
3881	-0.00540601
3882	-0.00670701
3883	-0.00508075
3884	-0.00508075
3885	-0.00573126
3886	-0.00443025
3887	-0.00443025
3888	-0.00443025
3889	-0.004105
3890	-0.00377975
3891	-0.0034545
3892	-0.00443025
3893	-0.0034545
3894	-0.00377975
3895	-0.00280399
3896	-0.00312925
3897	-0.0047555
3898	-0.00215349
3899	-0.00540601
3900	-0.0047555
3901	-0.00377975
3902	-0.00377975
3903	-0.0034545
3904	-0.00247874
3905	-0.0047555
3906	-0.00280399
3907	-0.00312925
3908	-0.00247874
3909	-0.00508075
3910	-0.00377975
3911	-0.00312925
3912	-0.00312925
3913	-0.00247874
3914	-0.00247874
3915	-0.00312925
3916	-0.00280399
3917	-0.0034545
3918	-0.00312925
3919	-0.00280399
3920	-0.00247874
3921	-0.00215349
3922	-0.00117774
3923	-0.00182824
3924	-0.00150299
3925	-0.00150299
3926	-0.000527234
3927	-0.000852486
3928	-0.00117774
3929	-0.000201983
3930	-0.000852486
3931	-0.00117774
3932	0.000123269
3933	-0.00117774
3934	-0.000201983
3935	-0.00117774
3936	-0.00280399
3937	0.000123269
3938	-0.000852486
3939	0.00109902
3940	0.00044852
3941	0.00109902
3942	0.00174953
3943	0.00142427
3944	-0.000201983
3945	0.00207478
3946	0.00207478
3947	0.00109902
3948	0.000773772
3949	0.00044852
3950	0.00240003
3951	0.00174953
3952	-0.000852486
3953	0.000773772
3954	0.000773772
3955	-0.000201983
3956	0.00044852
3957	0.000773772
3958	0.00207478
3959	0.00240003
3960	0.00174953
3961	0.00305053
3962	0.00240003
3963	0.00305053
3964	0.00305053
3965	0.00240003
3966	0.00142427
3967	0.00207478
3968	0.000123269
3969	0.00044852
3970	0.00044852
3971	-0.00117774
3972	0.000123269
3973	0.00044852
3974	0.000123269
3975	0.000773772
3976	0.00109902
3977	0.00142427
3978	0.00272528
3979	0.00142427
3980	0.00109902
3981	0.000773772
3982	0.00142427
3983	0.00109902
3984	0.000123269
3985	0.00142427
3986	0.00109902
3987	0.000773772
3988	0.00044852
3989	0.00109902
3990	0.00109902
3991	0.000123269
3992	0.00142427
3993	0.00240003
3994	0.000773772
3995	0.00109902
3996	0.00174953
3997	0.000773772
3998	0.00142427
3999	0.00174953
4000	-0.000852486
4001	0.00044852
4002	-0.000201983
4003	0.00044852
4004	0.000123269
4005	-0.000201983
4006	0.000773772
4007	0.000123269
4008	-0.00117774
4009	-0.000527234
4010	-0.000527234
4011	-0.00117774
4012	-0.00150299
4013	-0.00150299
4014	-0.000852486
4015	-0.000201983
4016	-0.000852486
4017	-0.00150299
4018	-0.00247874
4019	-0.00247874
4020	-0.00117774
4021	-0.00247874
4022	-0.00117774
4023	-0.00215349
4024	-0.00215349
4025	-0.00215349
4026	-0.00280399
4027	-0.00117774
4028	-0.00215349
4029	-0.00280399
4030	-0.00247874
4031	-0.00247874
4032	-0.00247874
4033	-0.00247874
4034	-0.00280399
4035	-0.00280399
4036	-0.00247874
4037	-0.0034545
4038	-0.00312925
4039	-0.00280399
4040	-0.00312925
4041	-0.00150299
4042	-0.0034545
4043	-0.0047555
4044	-0.00280399
4045	-0.0034545
4046	-0.00247874
4047	-0.00247874
4048	-0.00280399
4049	-0.00150299
4050	-0.00117774
4051	-0.00215349
4052	-0.00182824
4053	-0.00247874
4054	-0.00215349
4055	-0.0034545
4056	-0.00443025
4057	-0.00377975
4058	-0.00377975
4059	-0.0034545
4060	-0.00377975
4061	-0.0034545
4062	-0.00247874
4063	-0.0034545
4064	-0.00280399
4065	-0.00215349
4066	-0.00247874
4067	-0.00117774
4068	-0.00150299
4069	-0.0034545
4070	-0.0034545
4071	-0.00312925
4072	-0.0034545
4073	-0.00377975
4074	-0.00377975
4075	-0.004105
4076	-0.004105
4077	-0.0047555
4078	-0.00377975
4079	-0.004105
4080	-0.004105
4081	-0.0034545
4082	-0.00508075
4083	-0.00312925
4084	-0.004105
4085	-0.0034545
4086	-0.004105
4087	-0.0034545
4088	-0.00150299
4089	-0.00377975
4090	-0.00443025
4091	-0.004105
4092	-0.00312925
4093	-0.0034545
4094	-0.00280399
4095	-0.00312925
4096	-0.0034545
4097	-0.00280399
4098	-0.00280399
4099	-0.00280399
4100	-0.00117774
4101	-0.000527234
4102	-0.000852486
4103	0.000123269
4104	-0.000201983
4105	-0.00182824
4106	-0.00215349
4107	-0.000852486
4108	-0.00215349
4109	-0.00182824
4110	-0.000852486
4111	-0.00182824
4112	-0.00312925
4113	-0.00182824
4114	-0.000527234
4115	-0.00117774
4116	0.000123269
4117	0.00044852
4118	-0.000201983
4119	-0.000852486
4120	-0.000527234
4121	0.00044852
4122	-0.000527234
4123	-0.000527234
4124	-0.00182824
4125	-0.00117774
4126	-0.00117774
4127	-0.000852486
4128	-0.00182824
4129	-0.00117774
4130	-0.00182824
4131	-0.000201983
4132	-0.00182824
4133	-0.000852486
4134	-0.00117774
4135	-0.00117774
4136	-0.000852486
4137	0.000123269
4138	0.00142427
4139	0.00044852
4140	0.00142427
4141	0.00044852
4142	0.00174953
4143	-0.000201983
4144	0.000123269
4145	-0.00150299
4146	-0.000201983
4147	-0.000527234
4148	-0.000527234
4149	0.000123269
4150	0.000123269
4151	0.000773772
4152	0.00109902
4153	0.000773772
4154	0.00174953
4155	0.00207478
4156	0.00044852
4157	0.00174953
4158	0.00109902
4159	0.00174953
4160	0.00174953
4161	0.00109902
4162	-0.000201983
4163	0.00174953
4164	-0.000201983
4165	0.00109902
4166	0.000773772
4167	0.00109902
4168	0.00207478
4169	-0.000201983
4170	-0.000201983
4171	0.00044852
4172	0.000773772
4173	0.00142427
4174	0.00109902
4175	0.00174953
4176	0.000773772
4177	-0.000852486
4178	0.000773772
4179	0.00044852
4180	-0.000201983
4181	0.000123269
4182	-0.00117774
4183	-0.000852486
4184	-0.00150299
4185	-0.00117774
4186	-0.000527234
4187	0.000123269
4188	-0.00117774
4189	-0.000201983
4190	-0.00182824
4191	-0.00150299
4192	-0.000852486
4193	-0.000852486
4194	-0.00215349
4195	-0.00182824
4196	-0.00312925
4197	-0.00182824
4198	-0.000852486
4199	-0.00182824
4200	0.000123269
4201	-0.00117774
4202	-0.00150299
4203	-0.000852486
4204	-0.000527234
4205	0.000773772
4206	-0.000852486
4207	0.000773772
4208	0.000123269
4209	0.00044852
4210	0.00109902
4211	0.00044852
4212	0.00174953
4213	0.00272528
4214	0.00142427
4215	0.00174953
4216	0.00109902
4217	0.00174953
4218	0.00142427
4219	0.00240003
4220	0.000123269
4221	0.00174953
4222	0.00240003
4223	0.00272528
4224	0.00240003
4225	0.00240003
4226	0.00240003
4227	0.00174953
4228	0.00142427
4229	0.00109902
4230	0.00142427
4231	0.00142427
4232	-0.000527234
4233	0.000123269
4234	-0.000852486
4235	-0.00182824
4236	-0.0034545
4237	-0.00182824
4238	-0.00377975
4239	-0.0034545
4240	-0.00215349
4241	-0.00377975
4242	-0.00215349
4243	-0.00215349
4244	-0.00150299
4245	-0.0034545
4246	-0.00443025
4247	-0.004105
4248	-0.00377975
4249	-0.004105
4250	-0.00508075
4251	-0.00573126
4252	-0.00443025
4253	-0.00540601
4254	-0.00540601
4255	-0.00443025
4256	-0.00540601
4257	-0.0047555
4258	-0.00540601
4259	-0.00508075
4260	-0.00540601
4261	-0.00280399
4262	-0.00182824
4263	-0.00117774
4264	-0.00182824
4265	-0.00182824
4266	-0.00280399
4267	-0.00280399
4268	-0.0034545
4269	-0.00215349
4270	-0.00150299
4271	-0.000201983
4272	-0.00182824
4273	-0.000527234
4274	-0.00150299
4275	-0.000527234
4276	-0.000201983
4277	-0.00117774
4278	-0.000527234
4279	-0.000201983
4280	-0.00247874
4281	-0.000852486
4282	-0.00150299
4283	0.000123269
4284	-0.00117774
4285	-0.000852486
4286	-0.00215349
4287	-0.000527234
4288	-0.0034545
4289	-0.00312925
4290	-0.00443025
4291	-0.0034545
4292	-0.000852486
4293	-0.00280399
4294	-0.00215349
4295	-0.00150299
4296	-0.000201983
4297	-0.00150299
4298	-0.00312925
4299	-0.004105
4300	-0.004105
4301	-0.0047555
4302	-0.0034545
4303	-0.00443025
4304	-0.004105
4305	-0.00377975
4306	-0.0034545
4307	-0.0034545
4308	-0.00377975
4309	-0.00312925
4310	-0.00312925
4311	-0.00377975
4312	-0.00443025
4313	-0.0034545
4314	-0.00280399
4315	-0.000852486
4316	-0.00247874
4317	-0.000852486
4318	-0.00215349
4319	-0.00247874
4320	-0.00280399
4321	-0.00182824
4322	-0.00215349
4323	-0.00150299
4324	-0.00312925
4325	-0.00215349
4326	-0.00215349
4327	-0.00215349
4328	-0.000201983
4329	-0.000852486
4330	-0.00280399
4331	-0.000201983
4332	-0.00117774
4333	-0.000201983
4334	-0.000527234
4335	-0.00150299
4336	-0.000527234
4337	-0.00247874
4338	-0.00150299
4339	-0.000527234
4340	-0.00182824
4341	-0.00150299
4342	-0.00443025
4343	-0.00247874
4344	-0.00117774
4345	-0.000527234
4346	-0.00182824
4347	0.000123269
4348	-0.0034545
4349	-0.00312925
4350	-0.00247874
4351	-0.00215349
4352	-0.00247874
4353	-0.004105
4354	-0.00508075
4355	-0.00508075
4356	-0.00540601
4357	-0.00540601
4358	-0.00182824
4359	-0.0034545
4360	-0.0047555
4361	-0.0047555
4362	-0.00508075
4363	-0.00605651
4364	-0.00573126
4365	-0.00508075
4366	-0.00540601
4367	-0.00540601
4368	-0.00540601
4369	-0.00735751
4370	-0.00508075
4371	-0.00443025
4372	-0.00443025
4373	-0.0034545
4374	-0.00605651
4375	-0.00573126
4376	-0.00540601
4377	-0.00540601
4378	-0.00605651
4379	-0.00540601
4380	-0.00670701
4381	-0.0047555
4382	-0.00605651
4383	-0.00443025
4384	-0.0034545
4385	-0.00377975
4386	-0.0034545
4387	-0.00215349
4388	-0.00247874
4389	-0.000852486
4390	-0.00215349
4391	-0.00215349
4392	-0.00247874
4393	-0.0034545
4394	-0.0034545
4395	-0.0034545
4396	-0.00605651
4397	-0.004105
4398	-0.00508075
4399	-0.0047555
4400	-0.0034545
4401	-0.0047555
4402	-0.0047555
4403	-0.00508075
4404	-0.00312925
4405	-0.00247874
4406	-0.0034545
4407	-0.00312925
4408	-0.00377975
4409	-0.00540601
4410	-0.00605651
4411	-0.00638176
4412	-0.00768277
4413	-0.00735751
4414	-0.00865852
4415	-0.00703226
4416	-0.00800802
4417	-0.00833327
4418	-0.00833327
4419	-0.00930902
4420	-0.00800802
4421	-0.00768277
4422	-0.00800802
4423	-0.00768277
4424	-0.00800802
4425	-0.00735751
4426	-0.00930902
4427	-0.00963428
4428	-0.00963428
4429	-0.00865852
4430	-0.00800802
4431	-0.00670701
4432	-0.00768277
4433	-0.00638176
4434	-0.00508075
4435	-0.00312925
4436	-0.00247874
4437	-0.0034545
4438	-0.00443025
4439	-0.00508075
4440	-0.00638176
4441	-0.00573126
4442	-0.004105
4443	-0.00280399
4444	-0.00280399
4445	-0.00280399
4446	-0.00247874
4447	-0.00117774
4448	0.00142427
4449	0.00044852
4450	0.00044852
4451	-0.000527234
4452	0.000773772
4453	-0.00117774
4454	-0.000852486
4455	-0.00150299
4456	-0.000852486
4457	-0.00182824
4458	-0.00182824
4459	-0.00280399
4460	-0.00117774
4461	-0.000852486
4462	-0.00215349
4463	-0.00117774
4464	-0.00215349
4465	-0.0034545
4466	-0.00540601
4467	-0.00605651
4468	-0.00443025
4469	-0.00443025
4470	-0.00540601
4471	-0.00703226
4472	-0.00963428
4473	-0.00995953
4474	-0.00833327
4475	-0.00865852
4476	-0.00833327
4477	-0.00898377
4478	-0.00963428
4479	-0.00930902
4480	-0.0109353
4481	-0.011911
4482	-0.01061
4483	-0.01061
4484	-0.00898377
4485	-0.00963428
4486	-0.00898377
4487	-0.00963428
4488	-0.00735751
4489	-0.0102848
4490	-0.00735751
4491	-0.00703226
4492	-0.00508075
4493	-0.00377975
4494	-0.00247874
4495	0.00109902
4496	0.00044852
4497	0.00142427
4498	0.00337578
4499	0.00337578
4500	0.00630305
4501	0.00695355
4502	0.0066283
4503	0.0079293
4504	0.0072788
4505	0.00988081
4506	0.0108566
4507	0.0105313
4508	0.0115071
4509	0.0128081
4510	0.0131333
4511	0.0118323
4512	0.0102061
4513	0.0079293
4514	0.00890506
4515	0.0066283
4516	0.00565254
4517	0.00630305
4518	0.00597779
4519	0.00500204
4520	0.00370103
4521	0.00402629
4522	0.00435154
4523	0.00044852
4524	0.000123269
4525	-0.00182824
4526	-0.00150299
4527	-0.00182824
4528	-0.00540601
4529	-0.0109353
4530	-0.0164646
4531	-0.0203676
4532	-0.0262221
4533	-0.0291494
4534	-0.0320766
4535	-0.0359796
4536	-0.0382564
4537	-0.0402079
4538	-0.0424847
4539	-0.0444362
4540	-0.0437857
4541	-0.0444362
4542	-0.0444362
4543	-0.0441109
4544	-0.0431352
4545	-0.0441109
4546	-0.0389069
4547	-0.0350039
4548	-0.0275231
4549	-0.0258968
4550	-0.0223191
4551	-0.0187413
4552	-0.0154888
4553	-0.00768277
4554	0.00142427
4555	0.00955556
4556	0.0173616
4557	0.0284201
4558	0.0407797
4559	0.0518383
4560	0.0612705
4561	0.0713533
4562	0.0820866
4563	0.0898927
4564	0.106155
4565	0.126646
4566	0.150715
4567	0.171856
4568	0.193973
4569	0.206333
4570	0.210886
4571	0.215114
4572	0.213163
4573	0.208935
4574	0.122093
4575	-0.00995953
4576	-0.111763
4577	-0.19145
4578	-0.199581
4579	-0.149818
4580	-0.0968017
4581	-0.061024
4582	-0.0789128
4583	-0.0844421
4584	-0.0685048
4585	-0.0551695
4586	-0.0337029
4587	-0.0402079
4588	-0.101355
4589	-0.17226
4590	-0.246743
4591	-0.272763
4592	-0.268209
4593	-0.238937
4594	-0.196654
4595	-0.172585
4596	-0.153395
4597	-0.126074
4598	-0.0968017
4599	-0.0580967
4600	-0.0379312
4601	-0.0337029
4602	-0.0480139
4603	-0.0737088
4604	-0.0818401
4605	-0.0743593
4606	-0.0541937
4607	-0.0245958
4608	-0.00508075
4609	0.0147596
4610	0.0332989
4611	0.059319
4612	0.0950967
4613	0.117539
4614	0.134452
4615	0.133802
4616	0.0996502
4617	0.0681008
4618	0.0293959
4619	0.00760405
4620	0.0105313
4621	0.0300464
4622	0.0622463
4623	0.0996502
4624	0.143884
4625	0.192347
4626	0.230401
4627	0.278213
4628	0.331555
4629	0.380342
4630	0.43531
4631	0.478243
4632	0.494831
4633	0.484097
4634	0.337084
4635	-0.01061
4636	-0.208363
4637	-0.337813
4638	-0.376518
4639	-0.293904
4640	-0.206737
4641	-0.19763
4642	-0.165755
4643	-0.14624
4644	-0.00638176
4645	0.0414302
4646	0.127622
4647	0.153967
4648	0.0339494
4649	-0.112739
4650	-0.240563
4651	-0.320575
4652	-0.334886
4653	-0.313744
4654	-0.261054
4655	-0.226577
4656	-0.235359
4657	-0.17161
4658	-0.147866
4659	-0.0857431
4660	-0.0353291
4661	-0.0213433
4662	-0.0441109
4663	-0.0815148
4664	-0.123472
4665	-0.117943
4666	-0.130953
4667	-0.102656
4668	-0.0873694
4669	-0.0906219
4670	-0.0704563
4671	-0.0496402
4672	-0.00605651
4673	0.0365514
4674	0.0609453
4675	0.0798099
4676	0.0736301
4677	0.0602948
4678	0.0759069
4679	0.0720038
4680	0.0837129
4681	0.0885917
4682	0.0850139
4683	0.0824119
4684	0.0589938
4685	0.0453332
4686	0.0440322
4687	0.0385029
4688	0.0365514
4689	0.0531393
4690	0.0843634
4691	0.14486
4692	0.205357
4693	0.271708
4694	0.321797
4695	0.362453
4696	0.406037
4697	0.458077
4698	0.495806
4699	0.514021
4700	0.51272
4701	0.486374
4702	0.243411
4703	-0.0567957
4704	-0.270161
4705	-0.427908
4706	-0.460108
4707	-0.339439
4708	-0.25032
4709	-0.168032
4710	-0.154371
4711	-0.0984279
4712	-0.0470382
4713	0.0385029
4714	0.129899
4715	0.130224
4716	0.0300464
4717	-0.102981
4718	-0.270811
4719	-0.382698
4720	-0.404164
4721	-0.375217
4722	-0.311468
4723	-0.272112
4724	-0.228529
4725	-0.201207
4726	-0.17844
4727	-0.131278
4728	-0.0841169
4729	-0.0776118
4730	-0.0981027
4731	-0.158599
4732	-0.192426
4733	-0.215518
4734	-0.193727
4735	-0.147866
4736	-0.117293
4737	-0.10103
4738	-0.0834664
4739	-0.0795633
4740	-0.058422
4741	-0.0307756
4742	-0.00508075
4743	0.0105313
4744	0.00890506
4745	0.0232161
4746	0.045008
4747	0.0814361
4748	0.13868
4749	0.178686
4750	0.189094
4751	0.190395
4752	0.197876
4753	0.236256
4754	0.301631
4755	0.387173
4756	0.460029
4757	0.517924
4758	0.568663
4759	0.600863
4760	0.640543
4761	0.676972
4762	0.725434
4763	0.795363
4764	0.565736
4765	0.116889
4766	-0.15307
4767	-0.471166
4768	-0.591834
4769	-0.543372
4770	-0.416199
4771	-0.259102
4772	-0.238611
4773	-0.187872
4774	-0.0981027
4775	-0.0294746
4776	0.0853392
4777	0.179987
4778	0.148113
4779	0.059319
4780	-0.175838
4781	-0.335536
4782	-0.464336
4783	-0.519629
4784	-0.454904
4785	-0.381722
4786	-0.325128
4787	-0.265282
4788	-0.233733
4789	-0.142337
4790	-0.0600483
4791	0.0274444
4792	0.100301
4793	0.0707028
4794	0.000123269
4795	-0.123147
4796	-0.265607
4797	-0.337162
4798	-0.390178
4799	-0.362857
4800	-0.303336
4801	-0.248044
4802	-0.163803
4803	-0.0928986
4804	-0.0249211
4805	0.0329737
4806	0.04761
4807	0.0433817
4808	0.00240003
4809	-0.054519
4810	-0.0984279
4811	-0.139084
4812	-0.134856
4813	-0.104933
4814	-0.0606988
4815	-0.000201983
4816	0.0638726
4817	0.135428
4818	0.20243
4819	0.253494
4820	0.303583
4821	0.345866
4822	0.391401
4823	0.437912
4824	0.482146
4825	0.528006
4826	0.553051
4827	0.580047
4828	0.614849
4829	0.658107
4830	0.697462
4831	0.733565
4832	0.828539
4833	0.836345
4834	0.50719
4835	0.140307
4836	-0.177789
4837	-0.453603
4838	-0.600616
4839	-0.551828
4840	-0.442544
4841	-0.365785
4842	-0.355702
4843	-0.300734
4844	-0.234708
4845	-0.180066
4846	-0.0372806
4847	0.0713533
4848	0.105179
4849	0.0297212
4850	-0.104933
4851	-0.275039
4852	-0.397009
4853	-0.480598
4854	-0.464011
4855	-0.425956
4856	-0.390178
4857	-0.35375
4858	-0.318298
4859	-0.271136
4860	-0.177789
4861	-0.0759856
4862	0.0258181
4863	0.0752564
4864	0.0440322
4865	-0.0398827
4866	-0.131278
4867	-0.222349
4868	-0.330007
4869	-0.39896
4870	-0.39831
4871	-0.376518
4872	-0.330007
4873	-0.232106
4874	-0.148191
4875	-0.0750098
4876	-0.0317514
4877	0.00174953
4878	0.00760405
4879	-0.00638176
4880	-0.0314261
4881	-0.0333776
4882	-0.0437857
4883	-0.0288241
4884	0.000123269
4885	0.0401292
4886	0.0843634
4887	0.130874
4888	0.174458
4889	0.217391
4890	0.257397
4891	0.300981
4892	0.349443
4893	0.374162
4894	0.412217
4895	0.451898
4896	0.485398
4897	0.514021
4898	0.540366
4899	0.553376
4900	0.556629
4901	0.5524
4902	0.574843
4903	0.620053
4904	0.649
4905	0.555978
4906	0.355948
4907	0.175759
4908	-0.0236201
4909	-0.214217
4910	-0.278617
4911	-0.303011
4912	-0.325128
4913	-0.348546
4914	-0.374566
4915	-0.376518
4916	-0.373265
4917	-0.342041
4918	-0.249345
4919	-0.180717
4920	-0.142337
4921	-0.1264
4922	-0.148517
4923	-0.182993
4924	-0.226902
4925	-0.256175
4926	-0.257476
4927	-0.272763
4928	-0.293579
4929	-0.296831
4930	-0.315696
4931	-0.325128
4932	-0.319599
4933	-0.32155
4934	-0.335861
4935	-0.316672
4936	-0.300084
4937	-0.271136
4938	-0.228203
4939	-0.184945
4940	-0.143638
4941	-0.115016
4942	-0.0971269
4943	-0.0854179
4944	-0.0854179
4945	-0.0870441
4946	-0.0818401
4947	-0.0876946
4948	-0.0883451
4949	-0.0860684
4950	-0.0785876
4951	-0.0525675
4952	-0.0141878
4953	0.0219151
4954	0.0557413
4955	0.0723291
4956	0.0794846
4957	0.0785089
4958	0.0749311
4959	0.0827371
4960	0.0941209
4961	0.102252
4962	0.110709
4963	0.129899
4964	0.159171
4965	0.186167
4966	0.198852
4967	0.216415
4968	0.22845
4969	0.238858
4970	0.251217
4971	0.26813
4972	0.248941
4973	0.230076
4974	0.250242
4975	0.258373
4976	0.233329
4977	0.173157
4978	0.111359
4979	0.114937
4980	0.045008
4981	0.00890506
4982	0.00955556
4983	-0.0304504
4984	-0.0841169
4985	-0.105583
4986	-0.137458
4987	-0.160226
4988	-0.188848
4989	-0.193401
4990	-0.170308
4991	-0.180066
4992	-0.157298
4993	-0.123798
4994	-0.109161
4995	-0.0815148
4996	-0.0434604
4997	-0.0154888
4998	0.0170363
4999	0.0326484
5000	0.0612705
5001	0.0915189
5002	0.110384
5003	0.134777
5004	0.164701
5005	0.17706
5006	0.193973
5007	0.208609
5008	0.220969
5009	0.239834
5010	0.24764
5011	0.258373
5012	0.266504
5013	0.266504
5014	0.268456
5015	0.264878
5016	0.254795
5017	0.247965
5018	0.237882
5019	0.224547
5020	0.211211
5021	0.201454
5022	0.187143
5023	0.168929
5024	0.151365
5025	0.134452
5026	0.11884
5027	0.101602
5028	0.0859897
5029	0.0720038
5030	0.0583433
5031	0.0456585
5032	0.0323232
5033	0.0209394
5034	0.0128081
5035	0.00467679
5036	-0.000201983
5037	-0.00150299
5038	-0.00443025
5039	-0.00703226
5040	-0.011911
5041	-0.013212
5042	-0.0112605
5043	-0.00800802
5044	-0.00182824
5045	0.00532729
5046	0.0102061
5047	0.0160606
5048	0.0215899
5049	0.0254929
5050	0.0359009
5051	0.0443575
5052	0.0508625
5053	0.0576928
5054	0.0596443
5055	0.0638726
5056	0.0664746
5057	0.0635473
5058	0.0576928
5059	0.0482605
5060	0.0394787
5061	0.0274444
5062	0.0131333
5063	-0.00117774
5064	-0.0174403
5065	-0.0359796
5066	-0.0522422
5067	-0.0704563
5068	-0.0886704
5069	-0.108836
5070	-0.127701
5071	-0.144288
5072	-0.161527
5073	-0.175838
5074	-0.188848
5075	-0.200232
5076	-0.21064
5077	-0.215518
5078	-0.221373
5079	-0.226577
5080	-0.23048
5081	-0.234708
5082	-0.235359
5083	-0.232432
5084	-0.227228
5085	-0.218446
5086	-0.214217
5087	-0.208363
5088	-0.204135
5089	-0.197955
5090	-0.191775
5091	-0.18527
5092	-0.180391
5093	-0.172585
5094	-0.163803
5095	-0.158599
5096	-0.155022
5097	-0.148517
5098	-0.145264
5099	-0.136482
5100	-0.130303
5101	-0.123798
5102	-0.120545
5103	-0.117943
5104	-0.114365
5105	-0.111113
5106	-0.106234
5107	-0.0981027
5108	-0.0893209
5109	-0.0789128
5110	-0.0698058
5111	-0.0590725
5112	-0.0489897
5113	-0.0385817
5114	-0.0249211
5115	-0.0122363
5116	0.00142427
5117	0.0115071
5118	0.0219151
5119	0.0303717
5120	0.0345999
5121	0.0394787
5122	0.0443575
5123	0.046309
5124	0.0482605
5125	0.0505372
5126	0.0531393
5127	0.054115
5128	0.0560665
5129	0.0583433
5130	0.0576928
5131	0.0576928
5132	0.056717
5133	0.0550908
5134	0.0524888
5135	0.0508625
5136	0.0495615
5137	0.0469595
5138	0.0430565
5139	0.0385029
5140	0.0313474
5141	0.0261434
5142	0.0219151
5143	0.0180121
5144	0.0121576
5145	0.00435154
5146	-0.00215349
5147	-0.00995953
5148	-0.0135373
5149	-0.0154888
5150	-0.0184161
5151	-0.0210181
5152	-0.0229696
5153	-0.0252463
5154	-0.0275231
5155	-0.0275231
5156	-0.0258968
5157	-0.0236201
5158	-0.0245958
5159	-0.0213433
5160	-0.0213433
5161	-0.0200423
5162	-0.0161393
5163	-0.0115858
5164	-0.00638176
5165	-0.00247874
5166	-0.000527234
5167	0.00305053
5168	0.00240003
5169	0.00532729
5170	0.00923031
5171	0.0102061
5172	0.0105313
5173	0.00857981
5174	0.00630305
5175	0.00467679
5176	0.00402629
5177	0.0072788
5178	0.0115071
5179	0.0137838
5180	0.0176868
5181	0.0173616
5182	0.0180121
5183	0.0199636
5184	0.0193131
5185	0.0225656
5186	0.0258181
5187	0.0248424
5188	0.0261434
5189	0.0258181
5190	0.0277696
5191	0.0287454
5192	0.0280949
5193	0.0258181
5194	0.0245171
5195	0.0248424
5196	0.0222404
5197	0.0206141
5198	0.0212646
5199	0.0212646
5200	0.0196384
5201	0.0186626
5202	0.0186626
5203	0.0196384
5204	0.0202889
5205	0.0219151
5206	0.0228909
5207	0.0222404
5208	0.0196384
5209	0.0163858
5210	0.0157353
5211	0.0144343
5212	0.0137838
5213	0.0118323
5214	0.00857981
5215	0.00500204
5216	-0.000201983
5217	-0.0034545
5218	-0.00573126
5219	-0.00898377
5220	-0.00995953
5221	-0.013212
5222	-0.014513
5223	-0.0171151
5224	-0.0180908
5225	-0.0180908
5226	-0.0164646
5227	-0.0158141
5228	-0.0161393
5229	-0.0171151
5230	-0.0171151
5231	-0.0184161
5232	-0.0184161
5233	-0.0167898
5234	-0.0161393
5235	-0.0184161
5236	-0.0197171
5237	-0.0203676
5238	-0.0232948
5239	-0.0223191
5240	-0.0210181
5241	-0.0197171
5242	-0.0193918
5243	-0.0187413
5244	-0.0184161
5245	-0.0203676
5246	-0.0203676
5247	-0.0184161
5248	-0.0180908
5249	-0.014513
5250	-0.0138625
5251	-0.0158141
5252	-0.0158141
5253	-0.0167898
5254	-0.0184161
5255	-0.0193918
5256	-0.0200423
5257	-0.0174403
5258	-0.0177656
5259	-0.014513
5260	-0.011911
5261	-0.00963428
5262	-0.00638176
5263	-0.00540601
5264	-0.00377975
5265	-0.00443025
5266	-0.00280399
5267	-0.00377975
5268	-0.00377975
5269	-0.00508075
5270	-0.0047555
5271	-0.00735751
5272	-0.00735751
5273	-0.00638176
5274	-0.004105
5275	-0.0034545
5276	-0.00182824
5277	-0.00117774
5278	-0.00182824
5279	0.00044852
5280	0.000773772
5281	0.00240003
5282	0.00207478
5283	0.00109902
5284	0.00142427
5285	-0.00117774
5286	-0.00312925
5287	-0.00377975
5288	-0.00540601
5289	-0.004105
5290	-0.004105
5291	-0.00117774
5292	0.000123269
5293	0.000773772
5294	0.00142427
5295	0.00142427
5296	0.00305053
5297	0.00272528
5298	0.00402629
5299	0.00500204
5300	0.00240003
5301	0.00207478
5302	0.00370103
5303	0.00305053
5304	0.00207478
5305	0.00240003
5306	0.00305053
5307	0.00467679
5308	0.00174953
5309	0.00272528
5310	0.00435154
5311	0.00370103
5312	0.00500204
5313	0.00467679
5314	0.00500204
5315	0.00402629
5316	0.00467679
5317	0.00467679
5318	0.0072788
5319	0.00630305
5320	0.00695355
5321	0.0066283
5322	0.00532729
5323	0.00597779
5324	0.00500204
5325	0.00174953
5326	0.00174953
5327	-0.000201983
5328	0.000773772
5329	0.00109902
5330	0.00174953
5331	0.00337578
5332	0.00500204
5333	0.00532729
5334	0.00565254
5335	0.00760405
5336	0.00923031
5337	0.00988081
5338	0.0118323
5339	0.0115071
5340	0.0134586
5341	0.0115071
5342	0.00923031
5343	0.00857981
5344	0.00955556
5345	0.00955556
5346	0.00857981
5347	0.00825456
5348	0.00760405
5349	0.0066283
5350	0.00825456
5351	0.00760405
5352	0.0079293
5353	0.0079293
5354	0.00760405
5355	0.00825456
5356	0.00695355
5357	0.00500204
5358	0.00435154
5359	0.00272528
5360	0.00272528
5361	0.00402629
5362	0.00467679
5363	0.00565254
5364	0.00532729
5365	0.00597779
5366	0.0066283
5367	0.00532729
5368	0.00370103
5369	0.00337578
5370	0.00207478
5371	0.00044852
5372	-0.000201983
5373	-0.000527234
5374	-0.00150299
5375	-0.00150299
5376	-0.00117774
5377	-0.000852486
5378	0.00044852
5379	0.000773772
5380	0.00272528
5381	0.00305053
5382	0.00272528
5383	0.00272528
5384	0.00240003
5385	0.000773772
5386	-0.00215349
5387	-0.0034545
5388	-0.0047555
5389	-0.00573126
5390	-0.00443025
5391	-0.00280399
5392	-0.00215349
5393	-0.00150299
5394	-0.00280399
5395	-0.00150299
5396	-0.0034545
5397	-0.00247874
5398	0.00044852
5399	0.000123269
5400	-0.00150299
5401	-0.00150299
5402	-0.00280399
5403	-0.00215349
5404	-0.00150299
5405	-0.00280399
5406	-0.00280399
5407	-0.000527234
5408	-0.000201983
5409	0.00174953
5410	0.000123269
5411	0.00272528
5412	0.00142427
5413	0.00207478
5414	0.00305053
5415	0.000123269
5416	0.00142427
5417	0.00044852
5418	-0.00117774
5419	-0.00182824
5420	-0.0034545
5421	-0.004105
5422	-0.00540601
5423	-0.00768277
5424	-0.00508075
5425	-0.0034545
5426	-0.00443025
5427	-0.00540601
5428	-0.00605651
5429	-0.00540601
5430	-0.00540601
5431	-0.00605651
5432	-0.00605651
5433	-0.00605651
5434	-0.00670701
5435	-0.00703226
5436	-0.00800802
5437	-0.00768277
5438	-0.00995953
5439	-0.0135373
5440	-0.01061
5441	-0.01061
5442	-0.00963428
5443	-0.00833327
5444	-0.0102848
5445	-0.00800802
5446	-0.00540601
5447	-0.00573126
5448	-0.00443025
5449	-0.00443025
5450	-0.00377975
5451	-0.000527234
5452	-0.000527234
5453	0.00207478
5454	0.000773772
5455	0.00305053
5456	0.00240003
5457	0.000123269
5458	0.00240003
5459	0.00207478
5460	0.00402629
5461	0.00565254
5462	0.00857981
5463	0.0115071
5464	0.0157353
5465	0.0199636
5466	0.0254929
5467	0.0310222
5468	0.0349252
5469	0.0391534
5470	0.0404544
5471	0.0398039
5472	0.0385029
5473	0.0407797
5474	0.0385029
5475	0.0381777
5476	0.0326484
5477	0.0297212
5478	0.0274444
5479	0.0238666
5480	0.0202889
5481	0.0137838
5482	0.0118323
5483	0.00695355
5484	0.00337578
5485	-0.00280399
5486	-0.00443025
5487	-0.00735751
5488	-0.0112605
5489	-0.0174403
5490	-0.0226443
5491	-0.0262221
5492	-0.0291494
5493	-0.0304504
5494	-0.0320766
5495	-0.0330524
5496	-0.0330524
5497	-0.0275231
5498	-0.0210181
5499	-0.0151635
5500	-0.0112605
5501	-0.00995953
5502	-0.0047555
5503	0.00109902
5504	0.00500204
5505	0.00597779
5506	0.0066283
5507	0.00565254
5508	0.00500204
5509	0.00532729
5510	0.00370103
5511	0.00240003
5512	-0.00117774
5513	-0.00312925
5514	-0.00182824
5515	-0.0034545
5516	0.00142427
5517	0.00500204
5518	0.00337578
5519	0.00760405
5520	0.00923031
5521	0.00923031
5522	0.0102061
5523	0.0128081
5524	0.0124828
5525	0.0157353
5526	0.0199636
5527	0.0228909
5528	0.0206141
5529	0.0219151
5530	0.0225656
5531	0.0284201
5532	0.0355757
5533	0.042406
5534	0.0534645
5535	0.0664746
5536	0.0752564
5537	0.0811109
5538	0.0843634
5539	0.0869654
5540	0.0892422
5541	0.0937957
5542	0.0918442
5543	0.0934704
5544	0.0928199
5545	0.0905432
5546	0.0859897
5547	0.0781836
5548	0.0720038
5549	0.0681008
5550	0.061921
5551	0.0544403
5552	0.0492362
5553	0.0394787
5554	0.0264686
5555	0.0176868
5556	0.0118323
5557	0.00044852
5558	-0.00443025
5559	-0.0122363
5560	-0.0138625
5561	-0.0184161
5562	-0.0180908
5563	-0.0193918
5564	-0.0255716
5565	-0.0278484
5566	-0.0288241
5567	-0.0262221
5568	-0.0281736
5569	-0.0317514
5570	-0.0311009
5571	-0.0265474
5572	-0.0232948
5573	-0.0249211
5574	-0.0304504
5575	-0.0314261
5576	-0.0340281
5577	-0.0385817
5578	-0.0428099
5579	-0.0486645
5580	-0.0496402
5581	-0.051917
5582	-0.051917
5583	-0.0509412
5584	-0.0431352
5585	-0.0327271
5586	-0.0281736
5587	-0.0249211
5588	-0.0180908
5589	-0.0125615
5590	-0.0154888
5591	-0.0138625
5592	-0.0167898
5593	-0.0242706
5594	-0.0333776
5595	-0.0255716
5596	-0.0379312
5597	-0.0463877
5598	-0.0522422
5599	-0.059723
5600	-0.0971269
5601	-0.0955007
5602	-0.0818401
5603	-0.132254
5604	-0.129327
5605	-0.143963
5606	-0.156973
5607	-0.170308
5608	-0.184945
5609	-0.194702
5610	-0.202834
5611	-0.208363
5612	-0.194052
5613	-0.185921
5614	-0.186571
5615	-0.150143
5616	-0.129652
5617	-0.105909
5618	-0.0704563
5619	-0.0480139
5620	-0.0317514
5621	-0.0138625
5622	0.00402629
5623	0.0219151
5624	0.0300464
5625	0.0443575
5626	0.0694018
5627	0.0459837
5628	0.0508625
5629	0.0329737
5630	0.0254929
5631	0.0121576
5632	-0.0112605
5633	-0.0398827
5634	-0.0652523
5635	-0.102006
5636	-0.131604
5637	-0.169007
5638	-0.198931
5639	-0.239912
5640	-0.269835
5641	-0.299108
5642	-0.309841
5643	-0.31472
5644	-0.312118
5645	-0.311142
5646	-0.28805
5647	-0.271136
5648	-0.240888
5649	-0.203809
5650	-0.163153
5651	-0.108511
5652	-0.0811896
5653	-0.0122363
5654	0.043707
5655	0.0856644
5656	0.136404
5657	0.164701
5658	0.201454
5659	0.246664
5660	0.247314
5661	0.27431
5662	0.306835
5663	0.317894
5664	0.331555
5665	0.334482
5666	0.344565
5667	0.301306
5668	0.271383
5669	0.218042
5670	0.168929
5671	0.104204
5672	0.0869654
5673	0.0700523
5674	0.0199636
5675	-0.0135373
5676	-0.0434604
5677	-0.050616
5678	-0.0743593
5679	-0.0766361
5680	-0.0772866
5681	-0.111113
5682	-0.118268
5683	-0.151119
5684	-0.165104
5685	-0.185921
5686	-0.1921
5687	-0.196654
5688	-0.189498
5689	-0.197955
5690	-0.198931
5691	-0.17909
5692	-0.186896
5693	-0.182993
5694	-0.202183
5695	-0.182343
5696	-0.188523
5697	-0.178115
5698	-0.200232
5699	-0.184945
5700	-0.187872
5701	-0.169658
5702	-0.153721
5703	-0.137783
5704	-0.119895
5705	-0.113715
5706	-0.111438
5707	-0.0968017
5708	-0.0616745
5709	-0.00735751
5710	0.0583433
5711	0.0928199
5712	0.143234
5713	0.214464
5714	0.232353
5715	0.263902
5716	0.279189
5717	0.284068
5718	0.283092
5719	0.297728
5720	0.289922
5721	0.285694
5722	0.296427
5723	0.276912
5724	0.271708
5725	0.283417
5726	0.297078
5727	0.263902
5728	0.249916
5729	0.260324
5730	0.239834
5731	0.22162
5732	0.231702
5733	0.219017
5734	0.201129
5735	0.185191
5736	0.229426
5737	0.284068
5738	0.346191
5739	0.372861
5740	0.349443
5741	0.326025
5742	0.277888
5743	0.240809
5744	0.194298
5745	0.12502
5746	0.0876159
5747	0.0420807
5748	0.0173616
5749	-0.0476887
5750	-0.0990784
5751	-0.105909
5752	-0.120545
5753	-0.123798
5754	-0.157949
5755	-0.145915
5756	-0.135832
5757	-0.103957
5758	-0.0567957
5759	0.0183374
5760	0.0635473
5761	0.111359
5762	0.157545
5763	0.185517
5764	0.20926
5765	0.218367
5766	0.24146
5767	0.234304
5768	0.285369
5769	0.341312
5770	0.354647
5771	0.423926
5772	0.433033
5773	0.484748
5774	0.531259
5775	0.53874
5776	0.537439
5777	0.541342
5778	0.527356
5779	0.501336
5780	0.447995
5781	0.414168
5782	0.384245
5783	0.375463
5784	0.362453
5785	0.347817
5786	0.314316
5787	0.292524
5788	0.239508
5789	0.181939
5790	0.133151
5791	0.109083
5792	0.0820866
5793	0.0583433
5794	0.0352504
5795	0.0128081
5796	-0.00508075
5797	-0.0187413
5798	-0.0294746
5799	-0.0428099
5800	-0.063626
5801	-0.0824906
5802	-0.0899714
5803	-0.104608
5804	-0.102006
5805	-0.0740341
5806	-0.0398827
5807	-0.00280399
5808	0.0521635
5809	0.141282
5810	0.266504
5811	0.377415
5812	0.49971
5813	0.598261
5814	0.686079
5815	0.775848
5816	0.843826
5817	0.897167
5818	0.92774
5819	0.931318
5820	0.917007
5821	0.781703
5822	0.650626
5823	0.470437
5824	0.25512
5825	0.0798099
5826	-0.0395574
5827	-0.0984279
5828	-0.123147
5829	-0.0619998
5830	0.0267939
5831	0.112986
5832	0.193648
5833	0.270407
5834	0.316918
5835	0.334807
5836	0.369284
5837	0.404086
5838	0.399857
5839	0.385871
5840	0.359851
5841	0.286019
5842	0.177711
5843	0.050212
5844	-0.103957
5845	-0.257476
5846	-0.397334
5847	-0.51475
5848	-0.617855
5849	-0.70307
5850	-0.756737
5851	-0.791214
5852	-0.817884
5853	-0.815282
5854	-0.809102
5855	-0.803248
5856	-0.795117
5857	-0.797719
5858	-0.825365
5859	-0.869274
5860	-0.931722
5861	-1.001
5862	-1.06182
5863	-1.11646
5864	-1.14411
5865	-1.14932
5866	-1.13143
5867	-1.08654
5868	-1.0267
5869	-0.971728
5870	-0.900498
5871	-0.833496
5872	-0.772349
5873	-0.711852
5874	-0.634768
5875	-0.541746
5876	-0.438966
5877	-0.311793
5878	-0.178115
5879	-0.0577715
5880	0.0742806
5881	0.210561
5882	0.356274
5883	0.491578
5884	0.458403
5885	0.359851
5886	0.205682
5887	-0.119569
5888	-0.434087
5889	-0.65103
5890	-0.83805
5891	-0.910906
5892	-0.825365
5893	-0.666967
5894	-0.440918
5895	-0.232432
5896	-0.0431352
5897	0.137705
5898	0.249916
5899	0.36473
5900	0.518899
5901	0.617776
5902	0.736493
5903	0.831141
5904	0.843175
5905	0.778125
5906	0.66266
5907	0.474015
5908	0.289922
5909	0.100626
5910	-0.014513
5911	-0.0480139
5912	-0.0652523
5913	-0.0219938
5914	0.0372019
5915	0.042406
5916	0.059319
5917	0.0622463
5918	0.0381777
5919	0.04761
5920	0.059319
5921	0.0694018
5922	0.0801351
5923	0.0433817
5924	-0.0236201
5925	-0.115341
5926	-0.261379
5927	-0.386601
5928	-0.486128
5929	-0.565814
5930	-0.575897
5931	-0.547275
5932	-0.504667
5933	-0.423679
5934	-0.364809
5935	-0.317647
5936	-0.27569
5937	-0.266583
5938	-0.242189
5939	-0.204135
5940	-0.161201
5941	-0.0828159
5942	0.0066283
5943	0.098024
5944	0.181288
5945	0.242436
5946	0.29968
5947	0.367657
5948	0.447344
5949	0.525404
5950	0.474015
5951	0.342613
5952	0.10583
5953	-0.239912
5954	-0.646477
5955	-0.979209
5956	-1.24526
5957	-1.36626
5958	-1.34512
5959	-1.18412
5960	-0.955791
5961	-0.726488
5962	-0.516051
5963	-0.3531
5964	-0.267233
5965	-0.220072
5966	-0.158925
5967	-0.121846
5968	-0.054519
5969	0.00142427
5970	0.0456585
5971	0.0241919
5972	-0.0528927
5973	-0.202834
5974	-0.361882
5975	-0.548576
5976	-0.672497
5977	-0.724862
5978	-0.715755
5979	-0.66404
5980	-0.543697
5981	-0.427908
5982	-0.311142
5983	-0.20511
5984	-0.114365
5985	-0.051917
5986	-0.00800802
5987	0.0199636
5988	0.0287454
5989	0.00923031
5990	-0.0327271
5991	-0.0841169
5992	-0.150793
5993	-0.21064
5994	-0.246743
5995	-0.248369
5996	-0.216819
5997	-0.145589
5998	-0.0603735
5999	0.0446827
6000	0.13185
6001	0.20308
6002	0.259999
6003	0.308787
6004	0.354973
6005	0.418071
6006	0.48052
6007	0.568012
6008	0.641194
6009	0.708521
6010	0.769668
6011	0.802193
6012	0.838947
6013	0.892939
6014	0.947256
6015	1.03345
6016	1.10663
6017	1.03507
6018	0.887084
6019	0.610946
6020	0.234955
6021	-0.175838
6022	-0.53394
6023	-0.800646
6024	-0.9031
6025	-0.886512
6026	-0.735596
6027	-0.523206
6028	-0.331958
6029	-0.175187
6030	-0.0776118
6031	-0.0522422
6032	-0.0554947
6033	-0.0509412
6034	-0.0392322
6035	0.0167111
6036	0.0641978
6037	0.112986
6038	0.107782
6039	0.0329737
6040	-0.112088
6041	-0.284797
6042	-0.481899
6043	-0.630214
6044	-0.71543
6045	-0.736246
6046	-0.668594
6047	-0.541095
6048	-0.394081
6049	-0.236985
6050	-0.105258
6051	-0.0216686
6052	0.0277696
6053	0.0349252
6054	0.0215899
6055	-0.00573126
6056	-0.0428099
6057	-0.0717573
6058	-0.0912724
6059	-0.118919
6060	-0.129002
6061	-0.13388
6062	-0.129977
6063	-0.102656
6064	-0.059723
6065	-0.00573126
6066	0.0648483
6067	0.129248
6068	0.191046
6069	0.250567
6070	0.302282
6071	0.360502
6072	0.411566
6073	0.457102
6074	0.512394
6075	0.55793
6076	0.58395
6077	0.607368
6078	0.618752
6079	0.625257
6080	0.647374
6081	0.685753
6082	0.741697
6083	0.81748
6084	0.926114
6085	0.944328
6086	0.833418
6087	0.669816
6088	0.373837
6089	0.0209394
6090	-0.332609
6091	-0.601267
6092	-0.78048
6093	-0.820161
6094	-0.76682
6095	-0.622733
6096	-0.490031
6097	-0.370338
6098	-0.284472
6099	-0.249995
6100	-0.244466
6101	-0.222674
6102	-0.190474
6103	-0.111113
6104	-0.0213433
6105	0.0681008
6106	0.131525
6107	0.130224
6108	0.0563918
6109	-0.0685048
6110	-0.22983
6111	-0.388227
6112	-0.505317
6113	-0.576222
6114	-0.571994
6115	-0.506619
6116	-0.407092
6117	-0.286749
6118	-0.172911
6119	-0.0857431
6120	-0.0291494
6121	-0.0109353
6122	-0.0135373
6123	-0.0294746
6124	-0.0480139
6125	-0.061024
6126	-0.070131
6127	-0.0740341
6128	-0.0772866
6129	-0.0779371
6130	-0.0876946
6131	-0.0863936
6132	-0.0802138
6133	-0.0580967
6134	-0.0219938
6135	0.0326484
6136	0.0983492
6137	0.17023
6138	0.238207
6139	0.298704
6140	0.353021
6141	0.387823
6142	0.412542
6143	0.433358
6144	0.434009
6145	0.431407
6146	0.440188
6147	0.446043
6148	0.453849
6149	0.471413
6150	0.496782
6151	0.52638
6152	0.543944
6153	0.574517
6154	0.613222
6155	0.658432
6156	0.633063
6157	0.551424
6158	0.439538
6159	0.243737
6160	0.0212646
6161	-0.192751
6162	-0.358304
6163	-0.471166
6164	-0.506619
6165	-0.486778
6166	-0.408393
6167	-0.345619
6168	-0.296181
6169	-0.257801
6170	-0.251296
6171	-0.246092
6172	-0.21747
6173	-0.169333
6174	-0.0951754
6175	-0.00312925
6176	0.0765574
6177	0.141933
6178	0.15787
6179	0.129248
6180	0.0694018
6181	-0.00800802
6182	-0.0925734
6183	-0.138109
6184	-0.148517
6185	-0.114365
6186	-0.0418342
6187	0.0414302
6188	0.132826
6189	0.202104
6190	0.242761
6191	0.258698
6192	0.258373
6193	0.242761
6194	0.236581
6195	0.237882
6196	0.250242
6197	0.265528
6198	0.274635
6199	0.277563
6200	0.262601
6201	0.23463
6202	0.204706
6203	0.182264
6204	0.168604
6205	0.176084
6206	0.200153
6207	0.237882
6208	0.282442
6209	0.327001
6210	0.361803
6211	0.378391
6212	0.37774
6213	0.357575
6214	0.330253
6215	0.289922
6216	0.259674
6217	0.240809
6218	0.232353
6219	0.2291
6220	0.232353
6221	0.236906
6222	0.233654
6223	0.225197
6224	0.215765
6225	0.206007
6226	0.200478
6227	0.207959
6228	0.224547
6229	0.253169
6230	0.277563
6231	0.245688
6232	0.193648
6233	0.116563
6234	0.00402629
6235	-0.117943
6236	-0.221698
6237	-0.305613
6238	-0.354076
6239	-0.375867
6240	-0.376843
6241	-0.368061
6242	-0.369688
6243	-0.383348
6244	-0.394407
6245	-0.401237
6246	-0.399611
6247	-0.37229
6248	-0.3209
6249	-0.252922
6250	-0.182343
6251	-0.12022
6252	-0.0828159
6253	-0.066228
6254	-0.0815148
6255	-0.10721
6256	-0.132254
6257	-0.147216
6258	-0.145264
6259	-0.120545
6260	-0.0802138
6261	-0.0385817
6262	0.00174953
6263	0.0251676
6264	0.0391534
6265	0.0414302
6266	0.0385029
6267	0.0420807
6268	0.0573675
6269	0.0772079
6270	0.107456
6271	0.13185
6272	0.152341
6273	0.161773
6274	0.158846
6275	0.147137
6276	0.132826
6277	0.121442
6278	0.119816
6279	0.12502
6280	0.135753
6281	0.147137
6282	0.158846
6283	0.161773
6284	0.159822
6285	0.148763
6286	0.134452
6287	0.11884
6288	0.109083
6289	0.0989997
6290	0.0976987
6291	0.0999755
6292	0.100951
6293	0.0996502
6294	0.0944462
6295	0.0830624
6296	0.0674503
6297	0.0531393
6298	0.0394787
6299	0.0300464
6300	0.0277696
6301	0.0290706
6302	0.0313474
6303	0.0349252
6304	0.0332989
6305	0.0264686
6306	0.0170363
6307	0.00467679
6308	-0.00735751
6309	-0.0148383
6310	-0.0206928
6311	-0.0236201
6312	-0.0252463
6313	-0.0239453
6314	-0.0271979
6315	-0.0275231
6316	-0.0356544
6317	-0.0408584
6318	-0.049315
6319	-0.051917
6320	-0.0525675
6321	-0.0486645
6322	-0.0421594
6323	-0.0340281
6324	-0.0304504
6325	-0.0294746
6326	-0.0327271
6327	-0.0366301
6328	-0.0421594
6329	-0.0470382
6330	-0.051917
6331	-0.0512665
6332	-0.050616
6333	-0.050616
6334	-0.049315
6335	-0.0522422
6336	-0.049315
6337	-0.0502907
6338	-0.0486645
6339	-0.0434604
6340	-0.0366301
6341	-0.0281736
6342	-0.0197171
6343	-0.0135373
6344	-0.00638176
6345	-0.00280399
6346	-0.00150299
6347	-0.00150299
6348	-0.000852486
6349	0.000773772
6350	0.00402629
6351	0.00760405
6352	0.0150848
6353	0.0180121
6354	0.0212646
6355	0.0228909
6356	0.0199636
6357	0.0199636
6358	0.0183374
6359	0.0176868
6360	0.0189879
6361	0.0245171
6362	0.0284201
6363	0.0319979
6364	0.0359009
6365	0.0372019
6366	0.0365514
6367	0.0349252
6368	0.0339494
6369	0.0313474
6370	0.0310222
6371	0.0319979
6372	0.0319979
6373	0.0303717
6374	0.0267939
6375	0.0235414
6376	0.0199636
6377	0.0144343
6378	0.0118323
6379	0.00760405
6380	0.00500204
6381	0.00435154
6382	0.00240003
6383	0.000123269
6384	-0.00150299
6385	-0.00117774
6386	0.000123269
6387	0.000123269
6388	0.00370103
6389	0.00955556
6390	0.0108566
6391	0.0137838
6392	0.0160606
6393	0.0150848
6394	0.0147596
6395	0.0134586
6396	0.00955556
6397	0.00760405
6398	0.00500204
6399	0.00402629
6400	0.00402629
6401	0.00207478
6402	0.00174953
6403	0.00109902
6404	-0.000527234
6405	0.00142427
6406	0.000773772
6407	0.00207478
6408	0.0072788
6409	0.00923031
6410	0.0137838
6411	0.0196384
6412	0.0225656
6413	0.0264686
6414	0.0293959
6415	0.0336242
6416	0.0359009
6417	0.0368767
6418	0.0394787
6419	0.0404544
6420	0.0401292
6421	0.0385029
6422	0.0381777
6423	0.0381777
6424	0.0349252
6425	0.0336242
6426	0.0339494
6427	0.0339494
6428	0.0345999
6429	0.0359009
6430	0.0378524
6431	0.0378524
6432	0.0388282
6433	0.0398039
6434	0.0414302
6435	0.0430565
6436	0.0430565
6437	0.042406
6438	0.041105
6439	0.0394787
6440	0.0345999
6441	0.0310222
6442	0.0303717
6443	0.0277696
6444	0.0245171
6445	0.0215899
6446	0.0189879
6447	0.0160606
6448	0.0154101
6449	0.0141091
6450	0.0115071
6451	0.00825456
6452	0.00955556
6453	0.0115071
6454	0.0105313
6455	0.0115071
6456	0.0118323
6457	0.0137838
6458	0.0121576
6459	0.0105313
6460	0.0105313
6461	0.00955556
6462	0.00695355
6463	0.00565254
6464	0.00337578
6465	0.00174953
6466	0.000123269
6467	-0.00280399
6468	-0.004105
6469	-0.00605651
6470	-0.0112605
6471	-0.0138625
6472	-0.0164646
6473	-0.0171151
6474	-0.0180908
6475	-0.0174403
6476	-0.0164646
6477	-0.0151635
6478	-0.011911
6479	-0.00995953
6480	-0.00865852
6481	-0.00703226
6482	-0.00605651
6483	-0.00540601
6484	-0.00443025
6485	-0.00443025
6486	-0.004105
6487	-0.00443025
6488	-0.00670701
6489	-0.00768277
6490	-0.011911
6491	-0.0112605
6492	-0.0151635
6493	-0.0171151
6494	-0.0187413
6495	-0.0180908
6496	-0.0184161
6497	-0.0174403
6498	-0.0151635
6499	-0.0151635
6500	-0.0125615
6501	-0.013212
6502	-0.0122363
6503	-0.0112605
6504	-0.0115858
6505	-0.0125615
6506	-0.0128868
6507	-0.0167898
6508	-0.0197171
6509	-0.0232948
6510	-0.0278484
6511	-0.0307756
6512	-0.0307756
6513	-0.0317514
6514	-0.0320766
6515	-0.0307756
6516	-0.0278484
6517	-0.0265474
6518	-0.0268726
6519	-0.0242706
6520	-0.0245958
6521	-0.0239453
6522	-0.0245958
6523	-0.0239453
6524	-0.0239453
6525	-0.0255716
6526	-0.0258968
6527	-0.0268726
6528	-0.0307756
6529	-0.0340281
6530	-0.0369554
6531	-0.0389069
6532	-0.0405332
6533	-0.0398827
6534	-0.0382564
6535	-0.0369554
6536	-0.0350039
6537	-0.0343534
6538	-0.0327271
6539	-0.0327271
6540	-0.0327271
6541	-0.0333776
6542	-0.0324019
6543	-0.0324019
6544	-0.0301251
6545	-0.0297999
6546	-0.0317514
6547	-0.0320766
6548	-0.0320766
6549	-0.0330524
6550	-0.0330524
6551	-0.0317514
6552	-0.0327271
6553	-0.0284989
6554	-0.0275231
6555	-0.0265474
6556	-0.0278484
6557	-0.0271979
6558	-0.0320766
6559	-0.0330524
6560	-0.0353291
6561	-0.0340281
6562	-0.0359796
6563	-0.0327271
6564	-0.0333776
6565	-0.0320766
6566	-0.0327271
6567	-0.0301251
6568	-0.0320766
6569	-0.0314261
6570	-0.0314261
6571	-0.0320766
6572	-0.0324019
6573	-0.0330524
6574	-0.0297999
6575	-0.0301251
6576	-0.0337029
6577	-0.0340281
6578	-0.0369554
6579	-0.0395574
6580	-0.0411837
6581	-0.0460624
6582	-0.0450867
6583	-0.0444362
6584	-0.0437857
6585	-0.0411837
6586	-0.0382564
6587	-0.0343534
6588	-0.0311009
6589	-0.0301251
6590	-0.0278484
6591	-0.0268726
6592	-0.0262221
6593	-0.0245958
6594	-0.0258968
6595	-0.0271979
6596	-0.0291494
6597	-0.0317514
6598	-0.0324019
6599	-0.0333776
6600	-0.0350039
6601	-0.0379312
6602	-0.0389069
6603	-0.0382564
6604	-0.0385817
6605	-0.0408584
6606	-0.0376059
6607	-0.0366301
6608	-0.0353291
6609	-0.0337029
6610	-0.0320766
6611	-0.0311009
6612	-0.0314261
6613	-0.0324019
6614	-0.0288241
6615	-0.0301251
6616	-0.0297999
6617	-0.0265474
6618	-0.0284989
6619	-0.0271979
6620	-0.0262221
6621	-0.0262221
6622	-0.0275231
6623	-0.0314261
6624	-0.0340281
6625	-0.0346786
6626	-0.0369554
6627	-0.0376059
6628	-0.0363049
6629	-0.0359796
6630	-0.0340281
6631	-0.0353291
6632	-0.0333776
6633	-0.0314261
6634	-0.0327271
6635	-0.0337029
6636	-0.0327271
6637	-0.0317514
6638	-0.0311009
6639	-0.0304504
6640	-0.0320766
6641	-0.0317514
6642	-0.0337029
6643	-0.0327271
6644	-0.0346786
6645	-0.0356544
6646	-0.0363049
6647	-0.0366301
6648	-0.0382564
6649	-0.0376059
6650	-0.0376059
6651	-0.0346786
6652	-0.0327271
6653	-0.0327271
6654	-0.0288241
6655	-0.0275231
6656	-0.0278484
6657	-0.0252463
6658	-0.0249211
6659	-0.0223191
6660	-0.0239453
6661	-0.0255716
6662	-0.0236201
6663	-0.0255716
6664	-0.0252463
6665	-0.0262221
6666	-0.0278484
6667	-0.0281736
6668	-0.0284989
6669	-0.0307756
6670	-0.0324019
6671	-0.0340281
6672	-0.0346786
6673	-0.0356544
6674	-0.0376059
6675	-0.0369554
6676	-0.0359796
6677	-0.0337029
6678	-0.0314261
6679	-0.0320766
6680	-0.0301251
6681	-0.0271979
6682	-0.0245958
6683	-0.0245958
6684	-0.0236201
6685	-0.0210181
6686	-0.0213433
6687	-0.0223191
6688	-0.0223191
6689	-0.0229696
6690	-0.0255716
6691	-0.0278484
6692	-0.0275231
6693	-0.0301251
6694	-0.0297999
6695	-0.0314261
6696	-0.0320766
6697	-0.0311009
6698	-0.0317514
6699	-0.0301251
6700	-0.0278484
6701	-0.0262221
6702	-0.0242706
6703	-0.0229696
6704	-0.0184161
6705	-0.0167898
6706	-0.0161393
6707	-0.0167898
6708	-0.0200423
6709	-0.0203676
6710	-0.0226443
6711	-0.0242706
6712	-0.0232948
6713	-0.0258968
6714	-0.0271979
6715	-0.0297999
6716	-0.0307756
6717	-0.0291494
6718	-0.0281736
6719	-0.0268726
6720	-0.0252463
6721	-0.0245958
6722	-0.0288241
6723	-0.10168
6724	-0.205436
6725	-0.191775
6726	-0.137783
6727	0.0359009
6728	0.100301
6729	0.161773
6730	0.0355757
6731	-0.0467129
6732	-0.154046
6733	-0.109812
6734	-0.0424847
6735	0.0843634
6736	0.109733
6737	0.100951
6738	-0.0216686
6739	-0.0886704
6740	-0.143638
6741	-0.0743593
6742	-0.00182824
6743	0.0859897
6744	0.0856644
6745	0.050212
6746	-0.0402079
6747	-0.0808643
6748	-0.0821654
6749	-0.0190666
6750	0.0453332
6751	0.0950967
6752	0.0791594
6753	0.0310222
6754	-0.0317514
6755	-0.0551695
6756	-0.0444362
6757	0.0150848
6758	0.0404544
6759	0.0720038
6760	0.0176868
6761	-0.000201983
6762	-0.0619998
6763	-0.0324019
6764	-0.0330524
6765	0.0284201
6766	0.0228909
6767	0.0362262
6768	-0.0128868
6769	-0.0206928
6770	-0.051917
6771	-0.0271979
6772	-0.0203676
6773	0.0079293
6774	0.00695355
6775	0.00174953
6776	-0.0245958
6777	-0.0229696
6778	-0.0258968
6779	-0.00247874
6780	0.0150848
6781	0.048911
6782	0.0433817
6783	0.046309
6784	0.0160606
6785	-0.0948502
6786	-0.218771
6787	-0.261704
6788	-0.210965
6789	-0.0616745
6790	0.0427312
6791	0.098024
6792	0.00207478
6793	-0.0805391
6794	-0.155672
6795	-0.0915976
6796	-0.00605651
6797	0.105179
6798	0.109733
6799	0.0700523
6800	-0.0356544
6801	-0.0912724
6802	-0.0847674
6803	-0.0210181
6804	-0.0782623
6805	-0.112739
6806	-0.227228
6807	-0.176814
6808	-0.0828159
6809	0.0804604
6810	0.195925
6811	0.181939
6812	0.0733048
6813	-0.0307756
6814	-0.0577715
6815	0.0440322
6816	0.126646
6817	0.18324
6818	0.136404
6819	0.0105313
6820	-0.0763108
6821	-0.0977774
6822	-0.122822
6823	-0.135507
6824	-0.203159
6825	-0.216169
6826	-0.175513
6827	-0.0997289
6828	0.042406
6829	0.0589938
6830	0.0804604
6831	0.0128081
6832	0.00370103
6833	0.0385029
6834	0.123394
6835	0.156244
6836	0.161773
6837	0.0641978
6838	-0.00800802
6839	-0.0476887
6840	-0.0109353
6841	0.0716786
6842	0.128923
6843	0.126321
6844	0.0911937
6845	0.0274444
6846	0.0342747
6847	0.0697271
6848	0.146486
6849	0.185842
6850	0.178686
6851	0.124044
6852	0.0794846
6853	0.0378524
6854	0.0547655
6855	0.0563918
6856	0.0645231
6857	0.0186626
6858	-0.0271979
6859	-0.0727331
6860	-0.0616745
6861	-0.0411837
6862	0.00337578
6863	0.0111818
6864	0.0124828
6865	-0.0135373
6866	0.00174953
6867	-0.014513
6868	0.0359009
6869	0.00142427
6870	0.0316727
6871	-0.0327271
6872	-0.013212
6873	-0.0727331
6874	-0.0249211
6875	-0.0509412
6876	0.00240003
6877	-0.0395574
6878	-0.00508075
6879	-0.0600483
6880	-0.0154888
6881	-0.051917
6882	0.0300464
6883	-0.00865852
6884	0.0394787
6885	-0.0284989
6886	-0.0229696
6887	-0.0512665
6888	-0.0265474
6889	-0.0219938
6890	0.0121576
6891	-0.00573126
6892	0.00370103
6893	-0.0236201
6894	-0.00117774
6895	0.00695355
6896	0.0264686
6897	0.0349252
6898	0.0339494
6899	0.0251676
6900	0.00370103
6901	0.0137838
6902	0.0303717
6903	0.0261434
6904	0.0375272
6905	0.0121576
6906	-0.00963428
6907	-0.0141878
6908	-0.0122363
6909	0.0144343
6910	0.0225656
6911	0.0245171
6912	0.00240003
6913	-0.00703226
6914	-0.00280399
6915	0.0251676
6916	0.0150848
6917	0.050212
6918	0.00890506
6919	0.0131333
6920	-0.0115858
6921	-0.00930902
6922	-0.004105
6923	-0.0171151
6924	-0.0197171
6925	-0.0223191
6926	-0.0382564
6927	-0.0249211
6928	-0.0294746
6929	-0.0249211
6930	-0.0340281
6931	-0.0444362
6932	-0.0444362
6933	-0.0376059
6934	-0.0359796
6935	-0.0324019
6936	-0.0473634
6937	-0.0509412
6938	-0.0629755
6939	-0.057121
6940	-0.06883
6941	-0.066228
6942	-0.0889956
6943	-0.0854179
6944	-0.0987532
6945	-0.0837916
6946	-0.0795633
6947	-0.0567957
6948	-0.0480139
6949	-0.0219938
6950	-0.0249211
6951	-0.0161393
6952	-0.0219938
6953	-0.013212
6954	-0.00898377
6955	0.0079293
6956	0.0222404
6957	0.0345999
6958	0.0492362
6959	0.0794846
6960	0.107782
6961	0.162098
6962	0.172507
6963	0.217391
6964	0.225197
6965	0.268456
6966	0.264878
6967	0.273009
6968	0.272684
6969	0.294801
6970	0.323423
6971	0.363104
6972	0.396605
6973	0.404736
6974	0.394003
6975	0.350094
6976	0.272033
6977	0.193973
6978	0.0820866
6979	-0.050616
6980	-0.145589
6981	-0.252922
6982	-0.34074
6983	-0.414247
6984	-0.459782
6985	-0.453928
6986	-0.42498
6987	-0.381071
6988	-0.324803
6989	-0.272437
6990	-0.224625
6991	-0.174862
6992	-0.150143
6993	-0.13388
6994	-0.143313
6995	-0.187872
6996	-0.240888
6997	-0.315696
6998	-0.36611
6999	-0.390504
7000	-0.430835
7001	-0.443845
7002	-0.429534
7003	-0.397334
7004	-0.344318
7005	-0.302686
7006	-0.226577
7007	-0.163803
7008	-0.115992
7009	-0.0727331
7010	-0.0408584
7011	-0.0200423
7012	0.000123269
7013	0.0105313
7014	0.0219151
7015	0.0287454
7016	0.0398039
7017	0.0664746
7018	0.102577
7019	0.150064
7020	0.216415
7021	0.271708
7022	0.322447
7023	0.393027
7024	0.476617
7025	0.566711
7026	0.643145
7027	0.718604
7028	0.759911
7029	0.796014
7030	0.857486
7031	0.951484
7032	1.01198
7033	1.09264
7034	1.11248
7035	0.790159
7036	0.291223
7037	-0.011911
7038	-0.199581
7039	-0.260728
7040	-0.434413
7041	-0.617855
7042	-0.731367
7043	-0.764543
7044	-0.692012
7045	-0.435714
7046	-0.241864
7047	-0.109161
7048	-0.100054
7049	-0.102006
7050	-0.0408584
7051	0.0280949
7052	0.0277696
7053	-0.0320766
7054	-0.222999
7055	-0.390829
7056	-0.50239
7057	-0.528736
7058	-0.510522
7059	-0.49621
7060	-0.506619
7061	-0.494259
7062	-0.461409
7063	-0.371314
7064	-0.255199
7065	-0.126725
7066	-0.0730583
7067	-0.066228
7068	-0.0691553
7069	-0.05582
7070	-0.051917
7071	-0.0454119
7072	-0.0740341
7073	-0.117618
7074	-0.170959
7075	-0.186246
7076	-0.155997
7077	-0.119569
7078	-0.0941997
7079	-0.0548442
7080	-0.0148383
7081	0.0342747
7082	0.100301
7083	0.176735
7084	0.226173
7085	0.237232
7086	0.229751
7087	0.225523
7088	0.226498
7089	0.254145
7090	0.329603
7091	0.413518
7092	0.486374
7093	0.544269
7094	0.583624
7095	0.657131
7096	0.744624
7097	0.815529
7098	0.910502
7099	1.00092
7100	1.10338
7101	1.21884
7102	1.13037
7103	0.595333
7104	0.0788341
7105	-0.203809
7106	-0.307239
7107	-0.388877
7108	-0.585655
7109	-0.76682
7110	-0.776577
7111	-0.753484
7112	-0.519629
7113	-0.212591
7114	-0.00800802
7115	0.0391534
7116	-0.0138625
7117	-0.0382564
7118	0.0414302
7119	0.0245171
7120	-0.0792381
7121	-0.247068
7122	-0.470841
7123	-0.628588
7124	-0.668268
7125	-0.612976
7126	-0.512798
7127	-0.486778
7128	-0.479623
7129	-0.406766
7130	-0.290326
7131	-0.198605
7132	-0.117943
7133	-0.06883
7134	-0.0691553
7135	-0.118268
7136	-0.138759
7137	-0.127375
7138	-0.116967
7139	-0.154371
7140	-0.201533
7141	-0.221698
7142	-0.196979
7143	-0.169658
7144	-0.12087
7145	-0.0672038
7146	-0.0333776
7147	-0.00703226
7148	0.0398039
7149	0.108432
7150	0.174133
7151	0.193323
7152	0.167303
7153	0.143234
7154	0.144535
7155	0.17023
7156	0.226824
7157	0.293825
7158	0.360827
7159	0.433683
7160	0.53321
7161	0.622004
7162	0.699739
7163	0.768692
7164	0.829189
7165	0.869846
7166	0.957338
7167	1.04646
7168	1.15672
7169	1.1925
7170	0.767391
7171	0.0895674
7172	-0.247068
7173	-0.413597
7174	-0.381071
7175	-0.517027
7176	-0.73527
7177	-0.784708
7178	-0.678351
7179	-0.527109
7180	-0.161852
7181	0.0703776
7182	0.121442
7183	0.0385029
7184	-0.0854179
7185	-0.0626503
7186	-0.0278484
7187	-0.180391
7188	-0.387902
7189	-0.612325
7190	-0.737547
7191	-0.728115
7192	-0.642248
7193	-0.490681
7194	-0.396684
7195	-0.39278
7196	-0.317973
7197	-0.1921
7198	-0.0766361
7199	-0.0528927
7200	-0.124448
7201	-0.175838
7202	-0.209339
7203	-0.246743
7204	-0.235034
7205	-0.224625
7206	-0.22983
7207	-0.250646
7208	-0.245116
7209	-0.161852
7210	-0.0730583
7211	-0.0454119
7212	-0.0444362
7213	-0.0392322
7214	-0.011911
7215	0.0248424
7216	0.0388282
7217	0.0720038
7218	0.0928199
7219	0.0681008
7220	0.0703776
7221	0.105505
7222	0.129248
7223	0.156244
7224	0.200478
7225	0.306185
7226	0.429455
7227	0.507841
7228	0.610946
7229	0.660058
7230	0.696487
7231	0.770969
7232	0.792436
7233	0.835369
7234	0.909852
7235	0.947256
7236	1.06565
7237	1.11509
7238	0.751779
7239	0.103553
7240	-0.228854
7241	-0.341391
7242	-0.370338
7243	-0.482225
7244	-0.711527
7245	-0.780805
7246	-0.622083
7247	-0.446772
7248	-0.165104
7249	0.0446827
7250	0.0853392
7251	-0.0148383
7252	-0.102331
7253	-0.0646018
7254	-0.0561452
7255	-0.244466
7256	-0.473443
7257	-0.665666
7258	-0.740474
7259	-0.671521
7260	-0.581426
7261	-0.488079
7262	-0.40514
7263	-0.367736
7264	-0.279268
7265	-0.123798
7266	-0.0343534
7267	-0.0678543
7268	-0.158925
7269	-0.221048
7270	-0.222674
7271	-0.211615
7272	-0.22365
7273	-0.238937
7274	-0.2565
7275	-0.249345
7276	-0.202508
7277	-0.110137
7278	-0.0379312
7279	-0.0245958
7280	-0.0548442
7281	-0.0515917
7282	-0.0161393
7283	0.0258181
7284	0.0443575
7285	0.0485857
7286	0.0440322
7287	0.0469595
7288	0.0768826
7289	0.125996
7290	0.165351
7291	0.178361
7292	0.202755
7293	0.256747
7294	0.354322
7295	0.472063
7296	0.580372
7297	0.650301
7298	0.665913
7299	0.667539
7300	0.736493
7301	0.790159
7302	0.819432
7303	0.90107
7304	0.950508
7305	0.988888
7306	0.995718
7307	0.637941
7308	0.058018
7309	-0.165104
7310	-0.305288
7311	-0.431811
7312	-0.520279
7313	-0.675424
7314	-0.716406
7315	-0.626636
7316	-0.39896
7317	-0.106234
7318	-0.000852486
7319	-0.0389069
7320	-0.011911
7321	-0.0428099
7322	-0.0652523
7323	-0.111763
7324	-0.283821
7325	-0.487754
7326	-0.662414
7327	-0.72161
7328	-0.633141
7329	-0.569392
7330	-0.526784
7331	-0.441893
7332	-0.37294
7333	-0.251296
7334	-0.0990784
7335	-0.0535432
7336	-0.100054
7337	-0.165755
7338	-0.184294
7339	-0.175838
7340	-0.184294
7341	-0.208363
7342	-0.240888
7343	-0.275039
7344	-0.248694
7345	-0.171284
7346	-0.102006
7347	-0.0685048
7348	-0.0824906
7349	-0.0772866
7350	-0.0327271
7351	0.0144343
7352	0.052814
7353	0.0599695
7354	0.0521635
7355	0.0723291
7356	0.101276
7357	0.122743
7358	0.147462
7359	0.161773
7360	0.175759
7361	0.208609
7362	0.270407
7363	0.374813
7364	0.461655
7365	0.532235
7366	0.618426
7367	0.636315
7368	0.655505
7369	0.730313
7370	0.766416
7371	0.791135
7372	0.842525
7373	0.90172
7374	0.949532
7375	0.959615
7376	0.674044
7377	0.125996
7378	-0.102331
7379	-0.181042
7380	-0.355377
7381	-0.49621
7382	-0.654283
7383	-0.7408
7384	-0.680953
7385	-0.505643
7386	-0.26886
7387	-0.122822
7388	-0.143638
7389	-0.117618
7390	-0.0398827
7391	-0.0232948
7392	-0.0294746
7393	-0.146565
7394	-0.338789
7395	-0.494584
7396	-0.585004
7397	-0.561261
7398	-0.530362
7399	-0.560285
7400	-0.555406
7401	-0.488404
7402	-0.404815
7403	-0.292603
7404	-0.170634
7405	-0.123472
7406	-0.111113
7407	-0.0902966
7408	-0.0415089
7409	0.00337578
7410	-0.0177656
7411	-0.0580967
7412	-0.0798886
7413	-0.0919229
7414	-0.0795633
7415	-0.0463877
7416	-0.0206928
7417	-0.00735751
7418	0.0313474
7419	0.10648
7420	0.18389
7421	0.238533
7422	0.238858
7423	0.194949
7424	0.239183
7425	0.290248
7426	0.279189
7427	0.273334
7428	0.250242
7429	0.191046
7430	0.194949
7431	0.24146
7432	0.214789
7433	0.223571
7434	0.228775
7435	0.188444
7436	0.194298
7437	0.234955
7438	0.200478
7439	0.188769
7440	0.192672
7441	0.166652
7442	0.179987
7443	0.18942
7444	0.154943
7445	0.154943
7446	0.168929
7447	0.154292
7448	0.171531
7449	0.168604
7450	0.0729796
7451	0.000773772
7452	-0.00995953
7453	-0.0704563
7454	-0.128676
7455	-0.143638
7456	-0.209339
7457	-0.319274
7458	-0.377168
7459	-0.39831
7460	-0.390829
7461	-0.399286
7462	-0.449374
7463	-0.474419
7464	-0.461409
7465	-0.448724
7466	-0.418475
7467	-0.349847
7468	-0.30171
7469	-0.300084
7470	-0.285773
7471	-0.224625
7472	-0.15242
7473	-0.109161
7474	-0.0899714
7475	-0.066228
7476	-0.0535432
7477	-0.0476887
7478	-0.0278484
7479	-0.00150299
7480	0.00337578
7481	-0.0154888
7482	-0.0252463
7483	-0.0174403
7484	-0.0122363
7485	0.00142427
7486	0.0154101
7487	0.0313474
7488	0.0472847
7489	0.0661493
7490	0.0895674
7491	0.111685
7492	0.1312
7493	0.141282
7494	0.155919
7495	0.174133
7496	0.168604
7497	0.165351
7498	0.166977
7499	0.166977
7500	0.156244
7501	0.145836
7502	0.14486
7503	0.13868
7504	0.129248
7505	0.127297
7506	0.133476
7507	0.135103
7508	0.136729
7509	0.145836
7510	0.15169
7511	0.160472
7512	0.162098
7513	0.152666
7514	0.0628968
7515	0.0684261
7516	0.184216
7517	0.142258
7518	0.137705
7519	0.265203
7520	0.316918
7521	0.309112
7522	0.419047
7523	0.41677
7524	0.27366
7525	0.306835
7526	0.237557
7527	0.104854
7528	0.119816
7529	0.00760405
7530	-0.172585
7531	-0.300734
7532	-0.349197
7533	-0.372615
7534	-0.451326
7535	-0.510196
7536	-0.52158
7537	-0.541746
7538	-0.573295
7539	-0.478647
7540	-0.384649
7541	-0.371314
7542	-0.318948
7543	-0.266583
7544	-0.189498
7545	-0.11469
7546	-0.0685048
7547	-0.0138625
7548	0.00272528
7549	-0.0034545
7550	-0.00768277
7551	0.00402629
7552	-0.004105
7553	-0.0242706
7554	-0.0525675
7555	-0.103632
7556	-0.101355
7557	-0.0984279
7558	-0.11469
7559	-0.10721
7560	-0.0961512
7561	-0.0919229
7562	-0.0818401
7563	-0.0359796
7564	0.00272528
7565	0.0180121
7566	0.0293959
7567	0.0544403
7568	0.0833876
7569	0.0941209
7570	0.114937
7571	0.125996
7572	0.129573
7573	0.132175
7574	0.129573
7575	0.13868
7576	0.142258
7577	0.148438
7578	0.152016
7579	0.173482
7580	0.212187
7581	0.23463
7582	0.278213
7583	0.322447
7584	0.361478
7585	0.410916
7586	0.450922
7587	0.500035
7588	0.556629
7589	0.60997
7590	0.647699
7591	0.68803
7592	0.644446
7593	0.503287
7594	0.423926
7595	0.330253
7596	0.184866
7597	0.110709
7598	0.00825456
7599	-0.200232
7600	-0.375542
7601	-0.459132
7602	-0.508245
7603	-0.551828
7604	-0.611675
7605	-0.648428
7606	-0.652331
7607	-0.649079
7608	-0.572319
7609	-0.472792
7610	-0.407092
7611	-0.351148
7612	-0.305613
7613	-0.234058
7614	-0.13941
7615	-0.0746846
7616	-0.0444362
7617	-0.0242706
7618	-0.0255716
7619	-0.0428099
7620	-0.05582
7621	-0.0847674
7622	-0.116317
7623	-0.15307
7624	-0.218771
7625	-0.23731
7626	-0.214217
7627	-0.231131
7628	-0.240888
7629	-0.209013
7630	-0.183644
7631	-0.167381
7632	-0.127375
7633	-0.0698058
7634	-0.0340281
7635	-0.0268726
7636	0.00955556
7637	0.0560665
7638	0.0671251
7639	0.0801351
7640	0.101927
7641	0.105505
7642	0.104204
7643	0.107782
7644	0.111685
7645	0.119491
7646	0.132175
7647	0.149414
7648	0.171856
7649	0.208284
7650	0.265203
7651	0.297078
7652	0.342613
7653	0.427178
7654	0.441164
7655	0.496782
7656	0.582974
7657	0.619077
7658	0.697137
7659	0.734866
7660	0.70722
7661	0.585251
7662	0.495156
7663	0.424576
7664	0.241785
7665	0.160147
7666	0.0729796
7667	-0.131278
7668	-0.341066
7669	-0.443845
7670	-0.46336
7671	-0.559634
7672	-0.621432
7673	-0.648103
7674	-0.689735
7675	-0.685832
7676	-0.619481
7677	-0.509546
7678	-0.442869
7679	-0.38595
7680	-0.339439
7681	-0.263005
7682	-0.148191
7683	-0.0711068
7684	-0.0271979
7685	-0.0135373
7686	0.00955556
7687	0.00760405
7688	-0.0109353
7689	-0.00182824
7690	-0.0281736
7691	-0.117943
7692	-0.190474
7693	-0.187547
7694	-0.231131
7695	-0.244791
7696	-0.223324
7697	-0.262355
7698	-0.259102
7699	-0.222999
7700	-0.174862
7701	-0.131929
7702	-0.105909
7703	-0.0759856
7704	-0.0577715
7705	-0.00670701
7706	0.0508625
7707	0.0775331
7708	0.0794846
7709	0.0941209
7710	0.113636
7711	0.114612
7712	0.146161
7713	0.15722
7714	0.139656
7715	0.155919
7716	0.179987
7717	0.208935
7718	0.243737
7719	0.300656
7720	0.340662
7721	0.368633
7722	0.432382
7723	0.498083
7724	0.539715
7725	0.597285
7726	0.685103
7727	0.731614
7728	0.740721
7729	0.656481
7730	0.562808
7731	0.536788
7732	0.367983
7733	0.222921
7734	0.174783
7735	-0.01061
7736	-0.236009
7737	-0.369362
7738	-0.426932
7739	-0.50857
7740	-0.587281
7741	-0.64485
7742	-0.683555
7743	-0.693963
7744	-0.66404
7745	-0.576548
7746	-0.501089
7747	-0.426932
7748	-0.383673
7749	-0.334886
7750	-0.20511
7751	-0.0981027
7752	-0.0564705
7753	-0.0304504
7754	0.00695355
7755	0.0254929
7756	0.0264686
7757	0.0414302
7758	0.0300464
7759	-0.0278484
7760	-0.119895
7761	-0.155997
7762	-0.149492
7763	-0.21064
7764	-0.208363
7765	-0.224625
7766	-0.274064
7767	-0.244791
7768	-0.21064
7769	-0.175838
7770	-0.147216
7771	-0.122171
7772	-0.10168
7773	-0.0746846
7774	-0.00638176
7775	0.0417555
7776	0.0495615
7777	0.0612705
7778	0.0973735
7779	0.103878
7780	0.123719
7781	0.164375
7782	0.15722
7783	0.158846
7784	0.179987
7785	0.210236
7786	0.250892
7787	0.2935
7788	0.323423
7789	0.356924
7790	0.407013
7791	0.458403
7792	0.522802
7793	0.557604
7794	0.639568
7795	0.69421
7796	0.706244
7797	0.707545
7798	0.592081
7799	0.564109
7800	0.483772
7801	0.300005
7802	0.235605
7803	0.124695
7804	-0.0886704
7805	-0.268534
7806	-0.342367
7807	-0.426281
7808	-0.52093
7809	-0.588907
7810	-0.65038
7811	-0.673147
7812	-0.68258
7813	-0.629564
7814	-0.568416
7815	-0.50239
7816	-0.436364
7817	-0.413922
7818	-0.309516
7819	-0.186896
7820	-0.116967
7821	-0.0769613
7822	-0.0311009
7823	0.0121576
7824	0.0258181
7825	0.052814
7826	0.0645231
7827	0.0420807
7828	-0.0213433
7829	-0.0997289
7830	-0.0941997
7831	-0.124448
7832	-0.182018
7833	-0.169658
7834	-0.222023
7835	-0.254874
7836	-0.226577
7837	-0.208363
7838	-0.183969
7839	-0.169658
7840	-0.143963
7841	-0.128026
7842	-0.0867189
7843	-0.0151635
7844	0.0111818
7845	0.0306969
7846	0.0759069
7847	0.099325
7848	0.114612
7849	0.163725
7850	0.182264
7851	0.176084
7852	0.199502
7853	0.217716
7854	0.246664
7855	0.293175
7856	0.329603
7857	0.356274
7858	0.37774
7859	0.44214
7860	0.504263
7861	0.511744
7862	0.59761
7863	0.672093
7864	0.665588
7865	0.66201
7866	0.590129
7867	0.56476
7868	0.495156
7869	0.329278
7870	0.269757
7871	0.164375
7872	-0.0190666
7873	-0.18462
7874	-0.300084
7875	-0.367736
7876	-0.46271
7877	-0.556707
7878	-0.620131
7879	-0.65786
7880	-0.665666
7881	-0.65103
7882	-0.612325
7883	-0.537192
7884	-0.487103
7885	-0.468239
7886	-0.374892
7887	-0.260728
7888	-0.185595
7889	-0.129652
7890	-0.0808643
7891	-0.0252463
7892	0.0079293
7893	0.0394787
7894	0.0648483
7895	0.058018
7896	0.0248424
7897	-0.0415089
7898	-0.0512665
7899	-0.064927
7900	-0.124448
7901	-0.116642
7902	-0.177789
7903	-0.210314
7904	-0.194052
7905	-0.208038
7906	-0.182018
7907	-0.176163
7908	-0.160876
7909	-0.154371
7910	-0.125424
7911	-0.0548442
7912	-0.0288241
7913	0.00142427
7914	0.0407797
7915	0.0720038
7916	0.101276
7917	0.148763
7918	0.182915
7919	0.193323
7920	0.215765
7921	0.234955
7922	0.274961
7923	0.321146
7924	0.348468
7925	0.386197
7926	0.40929
7927	0.459378
7928	0.49971
7929	0.542317
7930	0.621679
7931	0.650301
7932	0.649976
7933	0.60444
7934	0.556954
7935	0.540366
7936	0.430431
7937	0.305209
7938	0.244387
7939	0.115588
7940	-0.059723
7941	-0.185595
7942	-0.283171
7943	-0.368387
7944	-0.466938
7945	-0.55443
7946	-0.613626
7947	-0.641273
7948	-0.646802
7949	-0.646802
7950	-0.603869
7951	-0.539469
7952	-0.512798
7953	-0.465312
7954	-0.373916
7955	-0.277641
7956	-0.208038
7957	-0.152745
7958	-0.0928986
7959	-0.0402079
7960	0.0072788
7961	0.0433817
7962	0.0570423
7963	0.0547655
7964	0.0274444
7965	0.00240003
7966	-0.0200423
7967	-0.0480139
7968	-0.0398827
7969	-0.108511
7970	-0.143313
7971	-0.14006
7972	-0.166731
7973	-0.158925
7974	-0.16543
7975	-0.149492
7976	-0.150468
7977	-0.142012
7978	-0.0906219
7979	-0.063626
7980	-0.0210181
7981	0.00955556
7982	0.0368767
7983	0.0794846
7984	0.123068
7985	0.158195
7986	0.180638
7987	0.213163
7988	0.235931
7989	0.269757
7990	0.310088
7991	0.346516
7992	0.392702
7993	0.412217
7994	0.447669
7995	0.50036
7996	0.545895
7997	0.59078
7998	0.64965
7999	0.65583
8000	0.588503
8001	0.580372
8002	0.523128
8003	0.447995
8004	0.340662
8005	0.249266
8006	0.160472
8007	-0.0343534
8008	-0.13388
8009	-0.24284
8010	-0.347571
8011	-0.409368
8012	-0.52841
8013	-0.581426
8014	-0.620131
8015	-0.634442
8016	-0.630865
8017	-0.619806
8018	-0.553129
8019	-0.533289
8020	-0.492958
8021	-0.406441
8022	-0.324152
8023	-0.248694
8024	-0.189824
8025	-0.13388
8026	-0.0730583
8027	-0.0184161
8028	0.0193131
8029	0.0342747
8030	0.0339494
8031	0.0518383
8032	0.0180121
8033	-0.0275231
8034	0.0079293
8035	-0.0350039
8036	-0.0828159
8037	-0.0984279
8038	-0.122822
8039	-0.125424
8040	-0.147216
8041	-0.141686
8042	-0.143313
8043	-0.145915
8044	-0.118268
8045	-0.169658
8046	-0.125749
8047	-0.00540601
8048	-0.0421594
8049	0.0209394
8050	0.0472847
8051	0.138355
8052	0.150064
8053	0.201779
8054	0.234304
8055	0.236906
8056	0.314316
8057	0.367332
8058	0.426853
8059	0.46133
8060	0.521501
8061	0.568988
8062	0.638917
8063	0.742672
8064	0.814878
8065	0.797315
8066	0.644446
8067	0.585251
8068	0.557279
8069	0.388148
8070	0.290898
8071	0.0671251
8072	-0.0646018
8073	-0.310492
8074	-0.348872
8075	-0.462059
8076	-0.65786
8077	-0.639972
8078	-0.738198
8079	-0.672497
8080	-0.680303
8081	-0.535241
8082	-0.482875
8083	-0.452627
8084	-0.279593
8085	-0.173561
8086	-0.0740341
8087	-0.0340281
8088	-0.0135373
8089	0.0277696
8090	0.0414302
8091	-0.011911
8092	-0.0646018
8093	-0.131604
8094	-0.212591
8095	-0.312769
8096	-0.407417
8097	-0.44417
8098	-0.470516
8099	-0.489705
8100	-0.441243
8101	-0.408393
8102	-0.315696
8103	-0.206737
8104	-0.118594
8105	-0.0392322
8106	0.0118323
8107	0.0924947
8108	0.131525
8109	0.147462
8110	0.145836
8111	0.134777
8112	0.124695
8113	0.111034
8114	0.0960724
8115	0.0937957
8116	0.0960724
8117	0.109408
8118	0.122418
8119	0.167303
8120	0.256747
8121	0.377415
8122	0.485398
8123	0.543293
8124	0.667865
8125	0.833418
8126	0.953435
8127	0.972625
8128	1.07963
8129	1.23185
8130	1.16452
8131	0.760236
8132	0.579071
8133	0.527681
8134	0.298379
8135	-0.145915
8136	-0.451651
8137	-0.587931
8138	-0.704046
8139	-0.873502
8140	-0.900173
8141	-0.929771
8142	-0.865371
8143	-0.681929
8144	-0.473118
8145	-0.36611
8146	-0.26951
8147	-0.0470382
8148	0.140307
8149	0.152016
8150	0.133151
8151	0.153317
8152	0.119816
8153	-0.013212
8154	-0.168032
8155	-0.275039
8156	-0.41197
8157	-0.537517
8158	-0.650054
8159	-0.772999
8160	-0.768121
8161	-0.707949
8162	-0.627612
8163	-0.576873
8164	-0.45653
8165	-0.238611
8166	-0.0854179
8167	-0.00540601
8168	0.0908684
8169	0.189745
8170	0.252518
8171	0.214139
8172	0.166652
8173	0.117214
8174	0.0681008
8175	0.0287454
8176	-0.0574462
8177	-0.103632
8178	-0.0873694
8179	-0.0470382
8180	0.0079293
8181	0.0284201
8182	0.110384
8183	0.258698
8184	0.387173
8185	0.491578
8186	0.625582
8187	0.739745
8188	0.88188
8189	0.970348
8190	1.00938
8191	1.07703
8192	1.13135
8193	1.22177
8194	1.07736
8195	0.601513
8196	0.443766
8197	0.420023
8198	0.103878
8199	-0.313744
8200	-0.609073
8201	-0.638671
8202	-0.757713
8203	-0.876429
8204	-0.874803
8205	-0.868298
8206	-0.722911
8207	-0.505317
8208	-0.369362
8209	-0.260078
8210	-0.137458
8211	0.101927
8212	0.180313
8213	0.131525
8214	0.128272
8215	0.114612
8216	0.0267939
8217	-0.137458
8218	-0.285122
8219	-0.380746
8220	-0.525483
8221	-0.654283
8222	-0.772349
8223	-0.777878
8224	-0.745353
8225	-0.683881
8226	-0.624685
8227	-0.503366
8228	-0.318623
8229	-0.142662
8230	-0.0512665
8231	0.0430565
8232	0.154292
8233	0.24764
8234	0.234955
8235	0.159822
8236	0.135428
8237	0.113311
8238	0.0615958
8239	-0.0356544
8240	-0.0815148
8241	-0.0567957
8242	-0.0249211
8243	0.00402629
8244	0.0401292
8245	0.120466
8246	0.235605
8247	0.367657
8248	0.534186
8249	0.664287
8250	0.774872
8251	0.877001
8252	1.00027
8253	1.11086
8254	1.15769
8255	1.21429
8256	1.25299
8257	0.958639
8258	0.629485
8259	0.493204
8260	0.361478
8261	-0.0314261
8262	-0.414898
8263	-0.614602
8264	-0.7086
8265	-0.840326
8266	-0.915785
8267	-0.94213
8268	-0.882934
8269	-0.713153
8270	-0.502715
8271	-0.37229
8272	-0.26333
8273	-0.064927
8274	0.135428
8275	0.202104
8276	0.184866
8277	0.181288
8278	0.149739
8279	0.0547655
8280	-0.102981
8281	-0.241864
8282	-0.412946
8283	-0.575247
8284	-0.674448
8285	-0.771698
8286	-0.839025
8287	-0.804874
8288	-0.738848
8289	-0.63802
8290	-0.512473
8291	-0.336512
8292	-0.173886
8293	-0.051917
8294	0.096723
8295	0.205682
8296	0.256421
8297	0.256096
8298	0.239834
8299	0.229751
8300	0.175109
8301	0.0983492
8302	0.0466342
8303	0.00825456
8304	0.00565254
8305	0.0193131
8306	0.0466342
8307	0.0866402
8308	0.131525
8309	0.281466
8310	0.474015
8311	0.613222
8312	0.706569
8313	0.832442
8314	1.01946
8315	1.12387
8316	1.21429
8317	1.35935
8318	1.27576
8319	0.935221
8320	0.743648
8321	0.64282
8322	0.394328
8323	-0.061024
8324	-0.391805
8325	-0.574596
8326	-0.738198
8327	-0.891716
8328	-1.00816
8329	-1.04458
8330	-0.970752
8331	-0.797068
8332	-0.622733
8333	-0.50239
8334	-0.343668
8335	-0.0906219
8336	0.103878
8337	0.19007
8338	0.210236
8339	0.256747
8340	0.269757
8341	0.17088
8342	0.0108566
8343	-0.154696
8344	-0.319599
8345	-0.474419
8346	-0.632816
8347	-0.781131
8348	-0.835448
8349	-0.845856
8350	-0.796092
8351	-0.723236
8352	-0.584354
8353	-0.426281
8354	-0.270486
8355	-0.107535
8356	0.0446827
8357	0.165026
8358	0.255771
8359	0.288296
8360	0.312365
8361	0.315617
8362	0.278539
8363	0.2291
8364	0.178036
8365	0.150064
8366	0.128598
8367	0.10583
8368	0.0928199
8369	0.139656
8370	0.256747
8371	0.357249
8372	0.44214
8373	0.603139
8374	0.782028
8375	0.915381
8376	1.03052
8377	1.17623
8378	1.33528
8379	1.24421
8380	0.95929
8381	0.862365
8382	0.738769
8383	0.465558
8384	0.0781836
8385	-0.249995
8386	-0.455229
8387	-0.658836
8388	-0.830244
8389	-1.0036
8390	-1.08361
8391	-1.01889
8392	-0.906678
8393	-0.79284
8394	-0.668268
8395	-0.511172
8396	-0.264631
8397	-0.070131
8398	0.0827371
8399	0.139331
8400	0.214139
8401	0.302282
8402	0.270732
8403	0.13803
8404	0.00630305
8405	-0.128676
8406	-0.277967
8407	-0.471166
8408	-0.632166
8409	-0.728115
8410	-0.808452
8411	-0.807151
8412	-0.775601
8413	-0.693313
8414	-0.586305
8415	-0.441568
8416	-0.272437
8417	-0.135832
8418	0.0066283
8419	0.12567
8420	0.205357
8421	0.279514
8422	0.315617
8423	0.328952
8424	0.322447
8425	0.2935
8426	0.286019
8427	0.253169
8428	0.239834
8429	0.245038
8430	0.257722
8431	0.325375
8432	0.427504
8433	0.519225
8434	0.632087
8435	0.769018
8436	0.912128
8437	1.05264
8438	1.19965
8439	1.21266
8440	0.99214
8441	0.904973
8442	0.810325
8443	0.632737
8444	0.301957
8445	-0.0304504
8446	-0.257801
8447	-0.451651
8448	-0.639321
8449	-0.830244
8450	-0.9997
8451	-0.996447
8452	-0.937902
8453	-0.871225
8454	-0.802597
8455	-0.685507
8456	-0.479948
8457	-0.312118
8458	-0.142012
8459	-0.014513
8460	0.0599695
8461	0.148113
8462	0.217066
8463	0.19007
8464	0.099325
8465	-0.0262221
8466	-0.113715
8467	-0.254223
8468	-0.427582
8469	-0.548901
8470	-0.657535
8471	-0.707949
8472	-0.723561
8473	-0.68941
8474	-0.632816
8475	-0.555081
8476	-0.42498
8477	-0.29553
8478	-0.166731
8479	-0.0398827
8480	0.0524888
8481	0.146161
8482	0.221294
8483	0.290248
8484	0.323098
8485	0.313015
8486	0.33188
8487	0.336433
8488	0.339035
8489	0.345215
8490	0.367657
8491	0.444417
8492	0.500035
8493	0.558905
8494	0.659408
8495	0.774872
8496	0.918308
8497	1.00678
8498	1.1333
8499	1.08549
8500	0.9401
8501	0.838947
8502	0.744299
8503	0.569964
8504	0.289272
8505	0.00760405
8506	-0.19763
8507	-0.408393
8508	-0.560935
8509	-0.734945
8510	-0.8709
8511	-0.927169
8512	-0.894318
8513	-0.818209
8514	-0.761941
8515	-0.685507
8516	-0.524833
8517	-0.371639
8518	-0.212916
8519	-0.104282
8520	-0.0128868
8521	0.061921
8522	0.118515
8523	0.126971
8524	0.0859897
8525	-0.0102848
8526	-0.10721
8527	-0.227878
8528	-0.351799
8529	-0.461409
8530	-0.570693
8531	-0.642899
8532	-0.681604
8533	-0.660788
8534	-0.615578
8535	-0.55996
8536	-0.479623
8537	-0.37294
8538	-0.249995
8539	-0.134531
8540	-0.049315
8541	0.0417555
8542	0.129573
8543	0.212512
8544	0.264227
8545	0.297078
8546	0.326025
8547	0.339361
8548	0.365055
8549	0.402134
8550	0.443441
8551	0.503287
8552	0.569639
8553	0.65583
8554	0.743323
8555	0.832442
8556	0.953435
8557	1.0689
8558	1.1024
8559	0.997344
8560	0.873749
8561	0.772921
8562	0.653228
8563	0.470762
8564	0.219017
8565	-0.0301251
8566	-0.244791
8567	-0.424655
8568	-0.570043
8569	-0.708274
8570	-0.816908
8571	-0.879031
8572	-0.874153
8573	-0.808127
8574	-0.729091
8575	-0.642574
8576	-0.538493
8577	-0.413271
8578	-0.274714
8579	-0.143963
8580	-0.0437857
8581	0.0245171
8582	0.0622463
8583	0.0720038
8584	0.0638726
8585	0.0167111
8586	-0.0616745
8587	-0.173886
8588	-0.297482
8589	-0.384649
8590	-0.468239
8591	-0.536216
8592	-0.582402
8593	-0.593786
8594	-0.574921
8595	-0.539794
8596	-0.4832
8597	-0.401237
8598	-0.310167
8599	-0.216819
8600	-0.124123
8601	-0.0252463
8602	0.0694018
8603	0.140957
8604	0.194949
8605	0.236581
8606	0.258373
8607	0.269106
8608	0.281466
8609	0.303258
8610	0.323748
8611	0.341963
8612	0.389775
8613	0.43596
8614	0.50036
8615	0.554352
8616	0.64282
8617	0.750478
8618	0.819106
8619	0.764789
8620	0.685103
8621	0.608669
8622	0.554352
8623	0.431732
8624	0.284393
8625	0.125996
8626	-0.0249211
8627	-0.199256
8628	-0.332284
8629	-0.435714
8630	-0.495235
8631	-0.571994
8632	-0.614602
8633	-0.62436
8634	-0.584354
8635	-0.52776
8636	-0.441893
8637	-0.358629
8638	-0.262355
8639	-0.190799
8640	-0.104933
8641	-0.0297999
8642	0.0430565
8643	0.0726543
8644	0.0837129
8645	0.0739553
8646	0.0615958
8647	0.0264686
8648	-0.00833327
8649	-0.0476887
8650	-0.0727331
8651	-0.102006
8652	-0.113389
8653	-0.106559
8654	-0.0772866
8655	-0.0421594
8656	-0.0047555
8657	0.0368767
8658	0.0872907
8659	0.12567
8660	0.158521
8661	0.186818
8662	0.21544
8663	0.229751
8664	0.252193
8665	0.268781
8666	0.271383
8667	0.277888
8668	0.284393
8669	0.28667
8670	0.301631
8671	0.30586
8672	0.30651
8673	0.315292
8674	0.334157
8675	0.341963
8676	0.343914
8677	0.356924
8678	0.379041
8679	0.394979
8680	0.415795
8681	0.42295
8682	0.397581
8683	0.338385
8684	0.288621
8685	0.248941
8686	0.207634
8687	0.150715
8688	0.0866402
8689	0.0160606
8690	-0.0551695
8691	-0.128676
8692	-0.185595
8693	-0.221373
8694	-0.243815
8695	-0.266583
8696	-0.287399
8697	-0.297807
8698	-0.30171
8699	-0.304637
8700	-0.298458
8701	-0.290977
8702	-0.283496
8703	-0.282195
8704	-0.277967
8705	-0.265607
8706	-0.251947
8707	-0.237961
8708	-0.21812
8709	-0.196654
8710	-0.176814
8711	-0.158599
8712	-0.135507
8713	-0.106884
8714	-0.0805391
8715	-0.059723
8716	-0.0392322
8717	-0.0219938
8718	-0.00182824
8719	0.0131333
8720	0.0303717
8721	0.0453332
8722	0.0576928
8723	0.0651736
8724	0.0707028
8725	0.0713533
8726	0.0713533
8727	0.0681008
8728	0.0648483
8729	0.0589938
8730	0.0524888
8731	0.046309
8732	0.0388282
8733	0.0345999
8734	0.0293959
8735	0.0235414
8736	0.0206141
8737	0.0232161
8738	0.0258181
8739	0.0277696
8740	0.0284201
8741	0.0362262
8742	0.0420807
8743	0.0479352
8744	0.0589938
8745	0.0720038
8746	0.0811109
8747	0.0716786
8748	0.050212
8749	0.043707
8750	0.0319979
8751	0.0212646
8752	0.000773772
8753	-0.0206928
8754	-0.0415089
8755	-0.0756603
8756	-0.112088
8757	-0.135507
8758	-0.156648
8759	-0.173886
8760	-0.200882
8761	-0.225276
8762	-0.24349
8763	-0.263981
8764	-0.278617
8765	-0.290326
8766	-0.296506
8767	-0.298458
8768	-0.299433
8769	-0.293904
8770	-0.285122
8771	-0.276991
8772	-0.260728
8773	-0.241213
8774	-0.21747
8775	-0.196329
8776	-0.178115
8777	-0.153395
8778	-0.127701
8779	-0.102981
8780	-0.0795633
8781	-0.0613493
8782	-0.0402079
8783	-0.0190666
8784	-0.00443025
8785	0.00988081
8786	0.0209394
8787	0.0345999
8788	0.0427312
8789	0.0466342
8790	0.052814
8791	0.0550908
8792	0.0576928
8793	0.0622463
8794	0.0609453
8795	0.0589938
8796	0.0573675
8797	0.0560665
8798	0.0557413
8799	0.0505372
8800	0.0453332
8801	0.0446827
8802	0.0459837
8803	0.046309
8804	0.043707
8805	0.045008
8806	0.046309
8807	0.0472847
8808	0.0521635
8809	0.0537898
8810	0.055416
8811	0.0586685
8812	0.0586685
8813	0.06062
8814	0.0648483
8815	0.0677756
8816	0.0658241
8817	0.0615958
8818	0.059319
8819	0.055416
8820	0.0472847
8821	0.0407797
8822	0.0310222
8823	0.0183374
8824	0.00467679
8825	-0.01061
8826	-0.0219938
8827	-0.0359796
8828	-0.0476887
8829	-0.0577715
8830	-0.0655775
8831	-0.0759856
8832	-0.0828159
8833	-0.0863936
8834	-0.0873694
8835	-0.0896461
8836	-0.0860684
8837	-0.0821654
8838	-0.0776118
8839	-0.0714321
8840	-0.0659028
8841	-0.0567957
8842	-0.0473634
8843	-0.0350039
8844	-0.0278484
8845	-0.0180908
8846	-0.00703226
8847	0.00402629
8848	0.0124828
8849	0.0222404
8850	0.0303717
8851	0.0359009
8852	0.0420807
8853	0.0472847
8854	0.0511877
8855	0.0557413
8856	0.0583433
8857	0.0596443
8858	0.06062
8859	0.0599695
8860	0.0586685
8861	0.0589938
8862	0.0576928
8863	0.0560665
8864	0.0524888
8865	0.0498867
8866	0.0472847
8867	0.0430565
8868	0.0417555
8869	0.0388282
8870	0.0368767
8871	0.0336242
8872	0.0303717
8873	0.0261434
8874	0.0271191
8875	0.0254929
8876	0.0238666
8877	0.0209394
8878	0.0202889
8879	0.0196384
8880	0.0189879
8881	0.0183374
8882	0.0196384
8883	0.0189879
8884	0.0163858
8885	0.0124828
8886	0.00955556
8887	0.00923031
8888	0.00532729
8889	0.000773772
8890	-0.00377975
8891	-0.00800802
8892	-0.011911
8893	-0.014513
8894	-0.0174403
8895	-0.0223191
8896	-0.0288241
8897	-0.0304504
8898	-0.0320766
8899	-0.0363049
8900	-0.0382564
8901	-0.0408584
8902	-0.0411837
8903	-0.0441109
8904	-0.0454119
8905	-0.0424847
8906	-0.0434604
8907	-0.0411837
8908	-0.0376059
8909	-0.0363049
8910	-0.0333776
8911	-0.0288241
8912	-0.0229696
8913	-0.0190666
8914	-0.0158141
8915	-0.0115858
8916	-0.00800802
8917	-0.00508075
8918	-0.004105
8919	-0.00280399
8920	-0.00280399
8921	-0.00117774
8922	-0.00182824
8923	-0.004105
8924	-0.00443025
8925	-0.00768277
8926	-0.00573126
8927	-0.00670701
8928	-0.00800802
8929	-0.00540601
8930	-0.00540601
8931	-0.00540601
8932	-0.00573126
8933	-0.00540601
8934	-0.00247874
8935	-0.00280399
8936	-0.00377975
8937	-0.00377975
8938	-0.0047555
8939	-0.00443025
8940	-0.00605651
8941	-0.00735751
8942	-0.00930902
8943	-0.01061
8944	-0.0115858
8945	-0.0158141
8946	-0.0164646
8947	-0.0158141
8948	-0.0148383
8949	-0.0158141
8950	-0.0164646
8951	-0.0164646
8952	-0.014513
8953	-0.0158141
8954	-0.011911
8955	-0.00930902
8956	-0.00898377
8957	-0.00898377
8958	-0.00768277
8959	-0.00930902
8960	-0.00995953
8961	-0.0115858
8962	-0.0151635
8963	-0.0161393
8964	-0.0190666
8965	-0.0184161
8966	-0.0193918
8967	-0.0197171
8968	-0.0167898
8969	-0.0128868
8970	-0.00800802
8971	-0.00280399
8972	0.00207478
8973	0.00923031
8974	0.0128081
8975	0.0167111
8976	0.0222404
8977	0.0267939
8978	0.0345999
8979	0.041105
8980	0.0443575
8981	0.0482605
8982	0.051513
8983	0.055416
8984	0.0586685
8985	0.0612705
8986	0.0635473
8987	0.0681008
8988	0.0726543
8989	0.0781836
8990	0.0843634
8991	0.0856644
8992	0.0924947
8993	0.0941209
8994	0.096723
8995	0.098024
8996	0.0996502
8997	0.0999755
8998	0.096723
8999	0.0911937
9000	0.0876159
9001	0.0804604
9002	0.0739553
9003	0.0674503
9004	0.059319
9005	0.0521635
9006	0.048911
9007	0.048911
9008	0.0417555
9009	0.0378524
9010	0.0407797
9011	0.0368767
9012	0.0381777
9013	0.0394787
9014	0.0459837
9015	0.0472847
9016	0.0518383
9017	0.0583433
9018	0.0609453
9019	0.0671251
9020	0.0720038
9021	0.0739553
9022	0.0742806
9023	0.0814361
9024	0.0837129
9025	0.0869654
9026	0.0843634
9027	0.0882664
9028	0.0918442
9029	0.0941209
9030	0.0905432
9031	0.0976987
9032	0.0911937
9033	0.0983492
9034	0.0843634
9035	0.0859897
9036	0.0742806
9037	0.0638726
9038	0.0479352
9039	0.0398039
9040	0.0310222
9041	0.000773772
9042	-0.011911
9043	-0.0216686
9044	-0.0411837
9045	-0.0567957
9046	-0.049315
9047	-0.0691553
9048	-0.070131
9049	-0.0766361
9050	-0.067529
9051	-0.0564705
9052	-0.0567957
9053	-0.0301251
9054	-0.0411837
9055	-0.0366301
9056	-0.0392322
9057	-0.0242706
9058	-0.0122363
9059	-0.0281736
9060	-0.0158141
9061	-0.0337029
9062	-0.0203676
9063	-0.0320766
9064	-0.0258968
9065	-0.0304504
9066	-0.0480139
9067	-0.0379312
9068	-0.0460624
9069	-0.0284989
9070	-0.0428099
9071	-0.0242706
9072	-0.0428099
9073	-0.0226443
9074	-0.0275231
9075	-0.0171151
9076	-0.0346786
9077	-0.0102848
9078	-0.0249211
9079	0.0274444
9080	-0.00150299
9081	0.054115
9082	0.0170363
9083	0.0772079
9084	0.0544403
9085	0.0820866
9086	0.0765574
9087	0.0859897
9088	0.0869654
9089	0.113961
9090	0.0824119
9091	0.140307
9092	0.0729796
9093	0.145836
9094	0.096723
9095	0.140957
9096	0.0772079
9097	0.129899
9098	0.1312
9099	0.126646
9100	0.0989997
9101	0.118515
9102	0.0833876
9103	0.149739
9104	0.0664746
9105	0.133802
9106	0.0332989
9107	0.0902179
9108	0.00565254
9109	0.0576928
9110	0.000773772
9111	0.0635473
9112	-0.0268726
9113	0.0189879
9114	-0.0447614
9115	0.0336242
9116	-0.0385817
9117	0.0121576
9118	-0.0437857
9119	-0.0112605
9120	-0.0522422
9121	-0.0249211
9122	-0.0928986
9123	-0.0489897
9124	-0.121521
9125	-0.0743593
9126	-0.157624
9127	-0.14006
9128	-0.203809
9129	-0.153395
9130	-0.183319
9131	-0.212266
9132	-0.265607
9133	-0.245767
9134	-0.271136
9135	-0.240888
9136	-0.268534
9137	-0.245116
9138	-0.311142
9139	-0.255199
9140	-0.243815
9141	-0.225926
9142	-0.24967
9143	-0.276015
9144	-0.202834
9145	-0.220072
9146	-0.255199
9147	-0.251947
9148	-0.201858
9149	-0.280569
9150	-0.203484
9151	-0.252272
9152	-0.183969
9153	-0.303336
9154	-0.144288
9155	-0.259753
9156	-0.166731
9157	-0.301385
9158	-0.185921
9159	-0.285122
9160	-0.219421
9161	-0.253248
9162	-0.203809
9163	-0.199581
9164	-0.239262
9165	-0.137458
9166	-0.143963
9167	-0.153721
9168	-0.182018
9169	-0.0912724
9170	-0.168032
9171	-0.102006
9172	-0.13323
9173	-0.0795633
9174	-0.146565
9175	-0.0714321
9176	-0.0685048
9177	-0.000527234
9178	-0.0255716
9179	0.0843634
9180	0.116238
9181	0.114287
9182	0.104529
9183	0.192997
9184	0.231702
9185	0.185517
9186	0.302282
9187	0.207959
9188	0.282442
9189	0.213488
9190	0.332856
9191	0.211211
9192	0.337084
9193	0.200153
9194	0.375463
9195	0.219993
9196	0.356274
9197	0.305534
9198	0.341312
9199	0.258698
9200	0.381643
9201	0.29968
9202	0.447344
9203	0.306185
9204	0.452548
9205	0.276262
9206	0.418397
9207	0.270082
9208	0.317243
9209	0.299029
9210	0.235605
9211	0.288296
9212	0.0983492
9213	0.260975
9214	-0.0320766
9215	0.172832
9216	-0.104608
9217	0.0115071
9218	-0.161852
9219	-0.0681795
9220	-0.229504
9221	-0.242189
9222	-0.291302
9223	-0.388877
9224	-0.269185
9225	-0.499788
9226	-0.289351
9227	-0.573946
9228	-0.39278
9229	-0.493283
9230	-0.454578
9231	-0.484827
9232	-0.515726
9233	-0.452302
9234	-0.460433
9235	-0.35993
9236	-0.376518
9237	-0.420102
9238	-0.325779
9239	-0.316997
9240	-0.311793
9241	-0.210965
9242	-0.233082
9243	-0.143638
9244	-0.176814
9245	-0.0577715
9246	-0.0805391
9247	-0.0219938
9248	0.00565254
9249	0.0453332
9250	0.0872907
9251	0.0736301
9252	0.171531
9253	0.0762321
9254	0.201779
9255	0.166977
9256	0.302932
9257	0.307161
9258	0.312365
9259	0.358876
9260	0.381968
9261	0.495806
9262	0.449946
9263	0.605741
9264	0.471087
9265	0.498083
9266	0.515647
9267	0.443441
9268	0.521827
9269	0.298054
9270	0.348468
9271	0.243086
9272	0.139006
9273	0.156894
9274	-0.0512665
9275	0.0121576
9276	-0.308866
9277	-0.181042
9278	-0.4175
9279	-0.476695
9280	-0.585655
9281	-0.746004
9282	-0.727789
9283	-0.95514
9284	-0.808777
9285	-1.01661
9286	-0.961971
9287	-1.05239
9288	-1.01694
9289	-1.03288
9290	-1.05694
9291	-0.968476
9292	-0.87773
9293	-0.951562
9294	-0.72844
9295	-0.806175
9296	-0.50792
9297	-0.604194
9298	-0.311793
9299	-0.317647
9300	-0.147541
9301	-0.0779371
9302	0.0111818
9303	0.116238
9304	0.152016
9305	0.314641
9306	0.255771
9307	0.424251
9308	0.346191
9309	0.598586
9310	0.521501
9311	0.676646
9312	0.652252
9313	0.787232
9314	0.755682
9315	0.751129
9316	0.852933
9317	0.680875
9318	0.867244
9319	0.686729
9320	0.856836
9321	0.627533
9322	0.796664
9323	0.633063
9324	0.687705
9325	0.581022
9326	0.580697
9327	0.57159
9328	0.464582
9329	0.507841
9330	0.339035
9331	0.433683
9332	0.263252
9333	0.369934
9334	0.23528
9335	0.20926
9336	0.179987
9337	0.152991
9338	0.183565
9339	0.0118323
9340	0.102252
9341	-0.0376059
9342	0.0684261
9343	-0.0327271
9344	-0.0320766
9345	-0.0460624
9346	-0.112088
9347	-0.149167
9348	-0.201533
9349	-0.234383
9350	-0.362207
9351	-0.221373
9352	-0.391805
9353	-0.30854
9354	-0.474744
9355	-0.388552
9356	-0.504342
9357	-0.429209
9358	-0.478322
9359	-0.403514
9360	-0.468564
9361	-0.433762
9362	-0.371314
9363	-0.345944
9364	-0.277967
9365	-0.350823
9366	-0.197955
9367	-0.319924
9368	-0.165755
9369	-0.213567
9370	-0.12705
9371	-0.161852
9372	-0.0886704
9373	-0.0415089
9374	-0.126725
9375	-0.00150299
9376	-0.0343534
9377	-0.0125615
9378	0.0258181
9379	-0.0047555
9380	0.0830624
9381	0.0775331
9382	0.0733048
9383	0.157545
9384	0.098024
9385	0.143234
9386	0.0576928
9387	0.153967
9388	0.0511877
9389	0.192997
9390	0.127947
9391	0.161123
9392	0.143559
9393	0.166327
9394	0.212838
9395	0.212187
9396	0.266504
9397	0.212187
9398	0.270732
9399	0.230401
9400	0.272684
9401	0.274635
9402	0.306185
9403	0.278864
9404	0.313666
9405	0.295777
9406	0.334807
9407	0.40311
9408	0.33253
9409	0.330579
9410	0.282767
9411	0.335783
9412	0.289272
9413	0.288621
9414	0.217716
9415	0.256421
9416	0.194298
9417	0.174133
9418	0.233003
9419	0.165026
9420	0.134777
9421	0.206983
9422	0.195599
9423	0.208284
9424	0.246989
9425	0.259349
9426	0.275611
9427	0.23463
9428	0.278213
9429	0.256421
9430	0.281141
9431	0.361478
9432	0.296427
9433	0.296102
9434	0.372861
9435	0.343914
9436	0.378716
9437	0.410591
9438	0.377415
9439	0.408314
9440	0.455475
9441	0.440188
9442	0.472063
9443	0.431732
9444	0.438562
9445	0.463932
9446	0.412542
9447	0.427829
9448	0.362453
9449	0.431081
9450	0.334482
9451	0.391726
9452	0.330253
9453	0.317894
9454	0.317569
9455	0.291549
9456	0.292524
9457	0.166002
9458	0.220969
9459	0.155268
9460	0.111359
9461	0.0648483
9462	0.0407797
9463	0.0219151
9464	0.0118323
9465	-0.0606988
9466	-0.0141878
9467	-0.123147
9468	-0.15307
9469	-0.105909
9470	-0.182343
9471	-0.0525675
9472	-0.250971
9473	-0.103307
9474	-0.231781
9475	-0.1264
9476	-0.206737
9477	-0.165755
9478	-0.21747
9479	-0.274389
9480	-0.155347
9481	-0.207387
9482	-0.214543
9483	-0.156323
9484	-0.233082
9485	-0.147216
9486	-0.15925
9487	-0.15307
9488	-0.0984279
9489	-0.231781
9490	-0.0249211
9491	-0.157949
9492	-0.0896461
9493	-0.0525675
9494	-0.0867189
9495	0.00565254
9496	-0.102006
9497	0.0430565
9498	-0.0376059
9499	0.0843634
9500	-0.0249211
9501	0.124044
9502	0.046309
9503	0.0157353
9504	0.178361
9505	-0.0109353
9506	0.144535
9507	0.0440322
9508	0.099325
9509	0.0859897
9510	0.0137838
9511	0.101927
9512	0.0235414
9513	0.0170363
9514	-0.0685048
9515	0.0183374
9516	-0.0857431
9517	-0.115016
9518	-0.0350039
9519	-0.249019
9520	-0.134531
9521	-0.23048
9522	-0.163803
9523	-0.26268
9524	-0.157949
9525	-0.222349
9526	-0.176814
9527	-0.189824
9528	-0.163478
9529	-0.165755
9530	-0.168682
9531	-0.103307
9532	-0.129652
9533	-0.127701
9534	-0.142012
9535	-0.106234
9536	-0.125749
9537	-0.106884
9538	-0.123147
9539	-0.118594
9540	-0.106559
9541	-0.137133
9542	-0.014513
9543	-0.148191
9544	-0.0232948
9545	-0.10168
9546	0.0306969
9547	-0.0964764
9548	0.00435154
9549	-0.0174403
9550	-0.0912724
9551	0.00337578
9552	-0.0990784
9553	-0.0434604
9554	-0.0672038
9555	-0.0974522
9556	-0.0356544
9557	-0.143313
9558	-0.100705
9559	-0.0454119
9560	-0.177789
9561	-0.0876946
9562	-0.174537
9563	-0.152094
9564	-0.152094
9565	-0.138434
9566	-0.17226
9567	-0.232432
9568	-0.0854179
9569	-0.27569
9570	-0.200557
9571	-0.191125
9572	-0.214868
9573	-0.14624
9574	-0.181692
9575	-0.212916
9576	-0.1264
9577	-0.169007
9578	-0.1264
9579	-0.0242706
9580	-0.204135
9581	-0.0125615
9582	-0.0798886
9583	-0.0743593
9584	0.00305053
9585	-0.0444362
9586	-0.00150299
9587	-0.0619998
9588	0.107456
9589	-0.0437857
9590	-0.00312925
9591	0.0544403
9592	0.0212646
9593	0.050212
9594	0.0430565
9595	0.0433817
9596	0.0362262
9597	0.0505372
9598	0.0365514
9599	0.0534645
9600	-0.0268726
9601	0.0518383
9602	0.046309
9603	-0.00930902
9604	0.0319979
9605	0.0160606
9606	0.0167111
9607	-0.053218
9608	0.00923031
9609	-0.0232948
9610	-0.0307756
9611	0.0150848
9612	-0.0958259
9613	-0.0288241
9614	-0.0873694
9615	-0.0922481
9616	-0.0945249
9617	-0.116317
9618	-0.175513
9619	-0.114365
9620	-0.145264
9621	-0.17226
9622	-0.213242
9623	-0.161201
9624	-0.280894
9625	-0.262355
9626	-0.229179
9627	-0.288375
9628	-0.293579
9629	-0.297157
9630	-0.32773
9631	-0.358304
9632	-0.375542
9633	-0.364158
9634	-0.421728
9635	-0.3853
9636	-0.42498
9637	-0.401562
9638	-0.425631
9639	-0.466287
9640	-0.393756
9641	-0.441568
9642	-0.412946
9643	-0.463035
9644	-0.424005
9645	-0.447748
9646	-0.446447
9647	-0.433437
9648	-0.460108
9649	-0.449699
9650	-0.460433
9651	-0.4175
9652	-0.523532
9653	-0.429534
9654	-0.475069
9655	-0.400261
9656	-0.473118
9657	-0.425306
9658	-0.434738
9659	-0.44352
9660	-0.349522
9661	-0.432136
9662	-0.298132
9663	-0.376843
9664	-0.325779
9665	-0.275039
9666	-0.287399
9667	-0.195028
9668	-0.227228
9669	-0.199581
9670	-0.157298
9671	-0.194702
9672	-0.143313
9673	-0.156973
9674	-0.109812
9675	-0.10103
9676	-0.127375
9677	-0.108185
9678	-0.106234
9679	-0.0733836
9680	-0.104933
9681	-0.0720826
9682	-0.0350039
9683	-0.0428099
9684	-0.0271979
9685	-0.0372806
9686	-0.00995953
9687	-0.0203676
9688	0.00597779
9689	0.00695355
9690	-0.0616745
9691	0.0573675
9692	-0.0203676
9693	0.00500204
9694	0.0072788
9695	0.00044852
9696	0.0124828
9697	-0.0382564
9698	0.0420807
9699	0.00370103
9700	0.0485857
9701	0.0508625
9702	0.0228909
9703	0.0599695
9704	0.0189879
9705	0.0986745
9706	0.0349252
9707	0.0602948
9708	0.0879412
9709	0.0908684
9710	0.0108566
9711	0.0772079
9712	0.131525
9713	0.0267939
9714	0.0690766
9715	0.0889169
9716	0.0189879
9717	0.0241919
9718	-0.00508075
9719	0.042406
9720	-0.0164646
9721	0.045008
9722	-0.01061
9723	-0.0350039
9724	-0.00865852
9725	-0.0340281
9726	0.0264686
9727	-0.0258968
9728	-0.0154888
9729	0.0466342
9730	-0.0385817
9731	0.00597779
9732	0.00955556
9733	0.0479352
9734	0.00923031
9735	-0.00833327
9736	0.0947714
9737	-0.0284989
9738	-0.0151635
9739	0.0557413
9740	-0.011911
9741	0.0365514
9742	0.0648483
9743	0.0277696
9744	0.0261434
9745	0.0254929
9746	0.0824119
9747	0.0215899
9748	0.0814361
9749	0.0853392
9750	0.0339494
9751	0.135103
9752	0.0459837
9753	0.127297
9754	0.0788341
9755	0.128923
9756	0.0889169
9757	0.111685
9758	0.109408
9759	0.131525
9760	0.123068
9761	0.110709
9762	0.121117
9763	0.0889169
9764	0.15722
9765	0.0840381
9766	0.147137
9767	0.0833876
9768	0.11819
9769	0.0989997
9770	0.0859897
9771	0.127297
9772	0.148438
9773	0.143884
9774	0.127622
9775	0.135103
9776	0.177385
9777	0.124044
9778	0.128272
9779	0.140957
9780	0.15787
9781	0.166652
9782	0.116889
9783	0.140632
9784	0.120141
9785	0.157545
9786	0.13185
9787	0.123719
9788	0.152016
9789	0.139006
9790	0.137054
9791	0.148763
9792	0.156244
9793	0.169905
9794	0.129899
9795	0.161123
9796	0.147137
9797	0.142909
9798	0.158521
9799	0.145185
9800	0.132501
9801	0.145836
9802	0.109083
9803	0.130549
9804	0.111685
9805	0.139981
9806	0.096723
9807	0.0983492
9808	0.119491
9809	0.135103
9810	0.101276
9811	0.135753
9812	0.146486
9813	0.117539
9814	0.148763
9815	0.132826
9816	0.146161
9817	0.113961
9818	0.204706
9819	0.137054
9820	0.163074
9821	0.200153
9822	0.162424
9823	0.222595
9824	0.143559
9825	0.206333
9826	0.216415
9827	0.204706
9828	0.200478
9829	0.172181
9830	0.201779
9831	0.182264
9832	0.172832
9833	0.181939
9834	0.168929
9835	0.129899
9836	0.150715
9837	0.116563
9838	0.140957
9839	0.10648
9840	0.0872907
9841	0.0944462
9842	0.051513
9843	0.0908684
9844	0.0677756
9845	0.0628968
9846	0.0398039
9847	0.0290706
9848	0.0632221
9849	0.0313474
9850	0.0720038
9851	0.0284201
9852	0.0355757
9853	0.0560665
9854	0.0310222
9855	0.0560665
9856	0.052814
9857	0.0420807
9858	0.0547655
9859	0.0407797
9860	0.0440322
9861	0.0654988
9862	0.055416
9863	0.0241919
9864	0.0293959
9865	0.0372019
9866	0.0859897
9867	0.0385029
9868	0.0664746
9869	0.0440322
9870	0.045008
9871	0.0641978
9872	0.0479352
9873	0.100951
9874	0.0394787
9875	0.0664746
9876	0.0596443
9877	0.0703776
9878	0.0934704
9879	0.0749311
9880	0.0973735
9881	0.0544403
9882	0.055416
9883	0.0573675
9884	0.0498867
9885	0.0511877
9886	0.0274444
9887	0.0359009
9888	0.0258181
9889	0.0202889
9890	0.0128081
9891	0.0102061
9892	0.0199636
9893	0.00565254
9894	0.0225656
9895	0.0199636
9896	0.00565254
9897	0.0137838
9898	0.0251676
9899	0.0199636
9900	0.0297212
9901	0.0232161
9902	0.0115071
9903	0.0300464
9904	0.0359009
9905	0.0290706
9906	0.0261434
9907	0.0267939
9908	0.0329737
9909	0.0329737
9910	0.0407797
9911	0.0232161
9912	0.0261434
9913	0.0267939
9914	0.0189879
9915	0.0306969
9916	0.0222404
9917	0.0284201
9918	0.0206141
9919	0.0189879
9920	0.0212646
9921	-0.000527234
9922	0.0150848
9923	0.0219151
9924	0.0290706
9925	0.0251676
9926	0.0228909
9927	0.043707
9928	0.0238666
9929	0.0505372
9930	0.0453332
9931	0.0420807
9932	0.0589938
9933	0.0417555
9934	0.0658241
9935	0.0511877
9936	0.0583433
9937	0.0544403
9938	0.0661493
9939	0.0788341
9940	0.0807856
9941	0.0963977
9942	0.101602
9943	0.101602
9944	0.103553
9945	0.112335
9946	0.117214
9947	0.114612
9948	0.144535
9949	0.160147
9950	0.103878
9951	0.0869654
9952	0.0944462
9953	0.117539
9954	0.109408
9955	0.0807856
9956	0.0521635
9957	0.0368767
9958	0.0404544
9959	0.0453332
9960	0.0225656
9961	0.00435154
9962	-0.00638176
9963	-0.0122363
9964	-0.0245958
9965	-0.0223191
9966	-0.0177656
9967	-0.0450867
9968	-0.0668785
9969	-0.0955007
9970	-0.122822
9971	-0.141361
9972	-0.16608
9973	-0.189498
9974	-0.220722
9975	-0.246743
9976	-0.262355
9977	-0.263981
9978	-0.264306
9979	-0.244141
9980	-0.220722
9981	-0.195028
9982	-0.163153
9983	-0.134531
9984	-0.10721
9985	-0.0795633
9986	-0.0187413
9987	0.0401292
9988	0.111034
9989	0.179012
9990	0.243411
9991	0.303258
9992	0.353346
9993	0.407989
9994	0.440188
9995	0.488326
9996	0.509467
9997	0.530934
9998	0.558255
9999	0.578746
10000	0.604766
10001	0.622004
10002	0.663311
10003	0.697137
10004	0.725759
10005	0.736167
10006	0.684127
10007	0.503287
10008	0.263577
10009	0.0807856
10010	-0.117943
10011	-0.271462
10012	-0.403189
10013	-0.481899
10014	-0.611675
10015	-0.694939
10016	-0.694614
10017	-0.632816
10018	-0.544348
10019	-0.444821
10020	-0.321225
10021	-0.278292
10022	-0.241539
10023	-0.205436
10024	-0.163153
10025	-0.153721
10026	-0.168357
10027	-0.197304
10028	-0.313744
10029	-0.473118
10030	-0.584028
10031	-0.658186
10032	-0.71543
10033	-0.752183
10034	-0.693313
10035	-0.671196
10036	-0.597038
10037	-0.486128
10038	-0.333585
10039	-0.230805
10040	-0.123147
10041	-0.00865852
10042	0.0368767
10043	0.0876159
10044	0.142909
10045	0.224222
10046	0.248615
10047	0.281791
10048	0.325375
10049	0.361803
10050	0.426853
10051	0.532235
10052	0.660058
10053	0.734541
10054	0.833743
10055	0.949532
10056	1.03898
10057	1.1372
10058	1.24681
10059	1.40749
10060	1.36488
10061	1.00548
10062	0.588178
10063	0.202104
10064	-0.133555
10065	-0.363508
10066	-0.46271
10067	-0.553455
10068	-0.791214
10069	-0.913508
10070	-0.901474
10071	-0.735596
10072	-0.527435
10073	-0.239262
10074	-0.0226443
10075	0.0072788
10076	0.0199636
10077	0.0394787
10078	0.0950967
10079	0.0446827
10080	-0.0154888
10081	-0.164779
10082	-0.416524
10083	-0.646802
10084	-0.759014
10085	-0.754785
10086	-0.769747
10087	-0.787636
10088	-0.778854
10089	-0.757062
10090	-0.686808
10091	-0.511823
10092	-0.290652
10093	-0.138759
10094	-0.062325
10095	-0.0242706
10096	-0.0376059
10097	-0.0769613
10098	-0.0841169
10099	-0.0659028
10100	-0.109812
10101	-0.169658
10102	-0.175187
10103	-0.150143
10104	-0.0818401
10105	0.0300464
10106	0.184866
10107	0.294151
10108	0.388474
10109	0.508817
10110	0.666889
10111	0.826262
10112	0.968722
10113	1.08679
10114	1.15477
10115	1.19022
10116	1.22535
10117	1.31284
10118	1.40749
10119	1.28877
10120	0.741371
10121	0.256747
10122	-0.231781
10123	-0.495235
10124	-0.66339
10125	-0.609073
10126	-0.63737
10127	-0.823088
10128	-0.866021
10129	-0.758688
10130	-0.478322
10131	-0.195028
10132	0.118515
10133	0.26748
10134	0.155919
10135	0.0703776
10136	-0.0135373
10137	-0.0255716
10138	-0.175513
10139	-0.291302
10140	-0.518328
10141	-0.810078
10142	-0.993195
10143	-1.01401
10144	-0.900498
10145	-0.821137
10146	-0.687784
10147	-0.591184
10148	-0.524507
10149	-0.403189
10150	-0.217145
10151	-0.0245958
10152	0.0310222
10153	0.0482605
10154	-0.013212
10155	-0.117293
10156	-0.179741
10157	-0.178765
10158	-0.164779
10159	-0.245116
10160	-0.284797
10161	-0.297807
10162	-0.238937
10163	-0.106559
10164	0.0924947
10165	0.268456
10166	0.345215
10167	0.428154
10168	0.511419
10169	0.612897
10170	0.718929
10171	0.834393
10172	0.941726
10173	0.928716
10174	0.957338
10175	0.999296
10176	1.08126
10177	1.22665
10178	1.25397
10179	0.890987
10180	0.373837
10181	-0.0727331
10182	-0.40449
10183	-0.585004
10184	-0.58663
10185	-0.554105
10186	-0.697541
10187	-0.81951
10188	-0.756412
10189	-0.537192
10190	-0.260728
10191	0.0323232
10192	0.219993
10193	0.161448
10194	0.0115071
10195	-0.0818401
10196	-0.135832
10197	-0.240238
10198	-0.371964
10199	-0.532313
10200	-0.777553
10201	-0.958718
10202	-0.964573
10203	-0.842278
10204	-0.715105
10205	-0.591184
10206	-0.473768
10207	-0.426932
10208	-0.363183
10209	-0.225926
10210	-0.0756603
10211	-0.0346786
10212	-0.0502907
10213	-0.113064
10214	-0.220397
10215	-0.310167
10216	-0.333259
10217	-0.312769
10218	-0.325128
10219	-0.318298
10220	-0.255199
10221	-0.157298
10222	-0.0252463
10223	0.148763
10224	0.31887
10225	0.397581
10226	0.437586
10227	0.492554
10228	0.549473
10229	0.643145
10230	0.752105
10231	0.841549
10232	0.878302
10233	0.889686
10234	0.910827
10235	0.983033
10236	1.13493
10237	1.28812
10238	1.18144
10239	0.652903
10240	0.13803
10241	-0.285773
10242	-0.554105
10243	-0.614927
10244	-0.551178
10245	-0.567115
10246	-0.77365
10247	-0.793165
10248	-0.627612
10249	-0.339765
10250	-0.0258968
10251	0.223571
10252	0.267155
10253	0.0505372
10254	-0.115016
10255	-0.210965
10256	-0.294555
10257	-0.427908
10258	-0.563538
10259	-0.74763
10260	-0.964573
10261	-0.996122
10262	-0.840652
10263	-0.629564
10264	-0.468889
10265	-0.343668
10266	-0.285773
10267	-0.32155
10268	-0.26333
10269	-0.160226
10270	-0.0912724
10271	-0.138434
10272	-0.199906
10273	-0.293254
10274	-0.410669
10275	-0.410019
10276	-0.347896
10277	-0.302035
10278	-0.304963
10279	-0.253898
10280	-0.172585
10281	-0.0759856
10282	0.0921694
10283	0.257072
10284	0.363104
10285	0.386522
10286	0.415795
10287	0.441815
10288	0.482796
10289	0.582649
10290	0.700715
10291	0.808698
10292	0.848704
10293	0.858787
10294	0.926765
10295	0.999621
10296	1.19184
10297	1.3639
10298	1.36846
10299	0.976528
10300	0.330253
10301	-0.171935
10302	-0.539794
10303	-0.673473
10304	-0.629238
10305	-0.596713
10306	-0.696565
10307	-0.806175
10308	-0.637044
10309	-0.354401
10310	-0.00280399
10311	0.283743
10312	0.367332
10313	0.21544
10314	-0.0733836
10315	-0.21812
10316	-0.360906
10317	-0.495885
10318	-0.652982
10319	-0.814632
10320	-0.978884
10321	-1.04198
10322	-0.855613
10323	-0.594111
10324	-0.347571
10325	-0.198931
10326	-0.122822
10327	-0.157949
10328	-0.222349
10329	-0.18527
10330	-0.158274
10331	-0.193076
10332	-0.298132
10333	-0.387902
10334	-0.468564
10335	-0.496861
10336	-0.37912
10337	-0.274389
10338	-0.219421
10339	-0.191775
10340	-0.128351
10341	-0.0551695
10342	0.042406
10343	0.206007
10344	0.291223
10345	0.320821
10346	0.323098
10347	0.338385
10348	0.35172
10349	0.412217
10350	0.520851
10351	0.625907
10352	0.73259
10353	0.809024
10354	0.891312
10355	0.996368
10356	1.10793
10357	1.25299
10358	1.37561
10359	1.41822
10360	1.09069
10361	0.464582
10362	-0.1264
10363	-0.510847
10364	-0.772999
10365	-0.737222
10366	-0.666967
10367	-0.623059
10368	-0.702745
10369	-0.527109
10370	-0.247393
10371	0.0641978
10372	0.322447
10373	0.434334
10374	0.294476
10375	-0.0275231
10376	-0.285448
10377	-0.467588
10378	-0.661763
10379	-0.801622
10380	-0.894643
10381	-0.960995
10382	-0.973029
10383	-0.782432
10384	-0.468239
10385	-0.215518
10386	-0.0180908
10387	0.0622463
10388	0.0160606
10389	-0.127701
10390	-0.223324
10391	-0.273413
10392	-0.365134
10393	-0.44352
10394	-0.504992
10395	-0.517027
10396	-0.49621
10397	-0.373916
10398	-0.212591
10399	-0.110137
10400	-0.0629755
10401	-0.0268726
10402	-0.00443025
10403	0.00857981
10404	0.0720038
10405	0.160147
10406	0.189745
10407	0.212838
10408	0.258048
10409	0.286995
10410	0.310413
10411	0.391726
10412	0.522802
10413	0.62981
10414	0.771945
10415	0.925464
10416	1.02369
10417	1.07475
10418	1.1398
10419	1.24226
10420	1.31837
10421	1.40976
10422	1.1655
10423	0.558905
10424	-0.171935
10425	-0.586305
10426	-0.886187
10427	-0.789913
10428	-0.628913
10429	-0.441568
10430	-0.501089
10431	-0.407092
10432	-0.162502
10433	0.111685
10434	0.366031
10435	0.46751
10436	0.335783
10437	-0.0746846
10438	-0.448398
10439	-0.681279
10440	-0.845531
10441	-0.904726
10442	-0.878056
10443	-0.837074
10444	-0.797068
10445	-0.638345
10446	-0.32155
10447	-0.0554947
10448	0.119165
10449	0.178686
10450	0.0720038
10451	-0.163153
10452	-0.370338
10453	-0.459782
10454	-0.527109
10455	-0.551828
10456	-0.52841
10457	-0.478647
10458	-0.405465
10459	-0.269185
10460	-0.101355
10461	0.0150848
10462	0.0518383
10463	0.0293959
10464	-0.0304504
10465	-0.0818401
10466	-0.0659028
10467	0.0232161
10468	0.0996502
10469	0.146486
10470	0.194949
10471	0.237882
10472	0.266504
10473	0.337734
10474	0.445393
10475	0.560206
10476	0.694535
10477	0.844476
10478	0.95246
10479	0.998645
10480	1.06272
10481	1.09134
10482	1.13102
10483	1.24584
10484	1.34244
10485	1.19184
10486	0.606067
10487	-0.0837916
10488	-0.511172
10489	-0.853662
10490	-0.746004
10491	-0.551828
10492	-0.332284
10493	-0.402538
10494	-0.316672
10495	-0.13323
10496	0.0700523
10497	0.286995
10498	0.40929
10499	0.258373
10500	-0.132579
10501	-0.513124
10502	-0.723236
10503	-0.903425
10504	-0.89627
10505	-0.8065
10506	-0.730717
10507	-0.673147
10508	-0.511497
10509	-0.235359
10510	-0.0229696
10511	0.149088
10512	0.170555
10513	0.0209394
10514	-0.251947
10515	-0.464661
10516	-0.568742
10517	-0.625335
10518	-0.563212
10519	-0.478972
10520	-0.399611
10521	-0.323502
10522	-0.187222
10523	-0.0551695
10524	0.0141091
10525	0.0547655
10526	0.00044852
10527	-0.0964764
10528	-0.162828
10529	-0.137458
10530	-0.0480139
10531	0.046309
10532	0.134452
10533	0.175434
10534	0.222921
10535	0.285369
10536	0.357249
10537	0.440839
10538	0.547196
10539	0.658757
10540	0.758935
10541	0.854234
10542	0.910827
10543	0.958965
10544	1.01914
10545	1.038
10546	1.08419
10547	1.1951
10548	1.32032
10549	1.14501
10550	0.481821
10551	-0.131929
10552	-0.55996
10553	-0.832195
10554	-0.669895
10555	-0.427257
10556	-0.256825
10557	-0.36611
10558	-0.261379
10559	-0.106559
10560	0.0349252
10561	0.262276
10562	0.31952
10563	0.141282
10564	-0.309516
10565	-0.59216
10566	-0.823413
10567	-0.944407
10568	-0.850084
10569	-0.691036
10570	-0.59216
10571	-0.535241
10572	-0.350173
10573	-0.147541
10574	0.000773772
10575	0.136078
10576	0.099325
10577	-0.111763
10578	-0.397985
10579	-0.576873
10580	-0.669244
10581	-0.659161
10582	-0.512148
10583	-0.392455
10584	-0.308866
10585	-0.239262
10586	-0.136482
10587	-0.0528927
10588	-0.0236201
10589	-0.00638176
10590	-0.102981
10591	-0.179416
10592	-0.200882
10593	-0.130628
10594	-0.0249211
10595	0.0723291
10596	0.149414
10597	0.178036
10598	0.245688
10599	0.307486
10600	0.373837
10601	0.45515
10602	0.550123
10603	0.672743
10604	0.765115
10605	0.854559
10606	0.939449
10607	1.01003
10608	1.06695
10609	1.06565
10610	1.15184
10611	1.24909
10612	1.35284
10613	1.14111
10614	0.525404
10615	-0.159575
10616	-0.597364
10617	-0.856914
10618	-0.690386
10619	-0.444821
10620	-0.250646
10621	-0.302035
10622	-0.227553
10623	-0.0932239
10624	0.0495615
10625	0.233329
10626	0.274635
10627	0.0843634
10628	-0.344969
10629	-0.676725
10630	-0.918062
10631	-0.991894
10632	-0.86472
10633	-0.652656
10634	-0.516051
10635	-0.43799
10636	-0.296181
10637	-0.121521
10638	0.0108566
10639	0.121117
10640	0.0775331
10641	-0.137458
10642	-0.438966
10643	-0.656559
10644	-0.721935
10645	-0.713478
10646	-0.525158
10647	-0.361231
10648	-0.245767
10649	-0.182018
10650	-0.0750098
10651	0.0128081
10652	0.0163858
10653	0.0232161
10654	-0.0857431
10655	-0.204135
10656	-0.259427
10657	-0.203809
10658	-0.0948502
10659	0.0222404
10660	0.136078
10661	0.160147
10662	0.167628
10663	0.206333
10664	0.251543
10665	0.317894
10666	0.401158
10667	0.516623
10668	0.594683
10669	0.68738
10670	0.743973
10671	0.816504
10672	0.886759
10673	0.926439
10674	0.960916
10675	1.04548
10676	1.14566
10677	1.32455
10678	1.38927
10679	1.1372
10680	0.437261
10681	-0.244466
10682	-0.648753
10683	-0.897896
10684	-0.669569
10685	-0.463685
10686	-0.290977
10687	-0.350173
10688	-0.250971
10689	-0.0782623
10690	0.0498867
10691	0.274961
10692	0.262601
10693	0.0466342
10694	-0.403189
10695	-0.730066
10696	-0.953189
10697	-1.00783
10698	-0.841302
10699	-0.640622
10700	-0.513449
10701	-0.414898
10702	-0.258126
10703	-0.0727331
10704	0.0417555
10705	0.138355
10706	0.0521635
10707	-0.191775
10708	-0.450025
10709	-0.649729
10710	-0.731693
10711	-0.684206
10712	-0.516701
10713	-0.341391
10714	-0.222674
10715	-0.100379
10716	-0.0206928
10717	0.0430565
10718	0.0498867
10719	-0.00735751
10720	-0.117618
10721	-0.236335
10722	-0.266908
10723	-0.241864
10724	-0.130953
10725	-0.00963428
10726	0.0895674
10727	0.141933
10728	0.155919
10729	0.17706
10730	0.230401
10731	0.327977
10732	0.430756
10733	0.520851
10734	0.591756
10735	0.666238
10736	0.741046
10737	0.775523
10738	0.859438
10739	0.897492
10740	0.94693
10741	1.01588
10742	1.05361
10743	1.1977
10744	1.30633
10745	1.32552
10746	0.797965
10747	0.0072788
10748	-0.450675
10749	-0.87773
10750	-0.837074
10751	-0.587931
10752	-0.294555
10753	-0.303662
10754	-0.292928
10755	-0.133555
10756	-0.0441109
10757	0.104204
10758	0.274635
10759	0.159822
10760	-0.209013
10761	-0.639646
10762	-0.905052
10763	-1.07939
10764	-0.986364
10765	-0.674774
10766	-0.505643
10767	-0.389528
10768	-0.298458
10769	-0.123798
10770	-0.0480139
10771	0.0667998
10772	0.130874
10773	-0.0402079
10774	-0.304637
10775	-0.529061
10776	-0.627287
10777	-0.681279
10778	-0.584679
10779	-0.391479
10780	-0.30789
10781	-0.21747
10782	-0.100379
10783	-0.00247874
10784	0.0196384
10785	0.0300464
10786	-0.0034545
10787	-0.161527
10788	-0.270486
10789	-0.313094
10790	-0.255524
10791	-0.175838
10792	-0.0372806
10793	0.0596443
10794	0.0720038
10795	0.107131
10796	0.154943
10797	0.219017
10798	0.284718
10799	0.368308
10800	0.427178
10801	0.460354
10802	0.535487
10803	0.621354
10804	0.700064
10805	0.796989
10806	0.82984
10807	0.880579
10808	0.915706
10809	0.964169
10810	1.08451
10811	1.24161
10812	1.40749
10813	1.31804
10814	0.639893
10815	-0.11469
10816	-0.610374
10817	-0.971403
10818	-0.826341
10819	-0.544022
10820	-0.272763
10821	-0.319924
10822	-0.246417
10823	-0.119895
10824	-0.0512665
10825	0.152666
10826	0.254795
10827	0.0934704
10828	-0.335536
10829	-0.724537
10830	-0.985714
10831	-1.08427
10832	-0.885536
10833	-0.575897
10834	-0.430184
10835	-0.329031
10836	-0.24284
10837	-0.128026
10838	-0.058422
10839	0.0697271
10840	0.103878
10841	-0.0876946
10842	-0.328381
10843	-0.548251
10844	-0.65786
10845	-0.635743
10846	-0.474093
10847	-0.344643
10848	-0.289351
10849	-0.215518
10850	-0.118268
10851	-0.0411837
10852	0.0362262
10853	0.048911
10854	-0.0441109
10855	-0.186246
10856	-0.256825
10857	-0.26886
10858	-0.246417
10859	-0.126725
10860	-0.0509412
10861	-0.0236201
10862	-0.011911
10863	0.0267939
10864	0.0778584
10865	0.141608
10866	0.250242
10867	0.321797
10868	0.349443
10869	0.394653
10870	0.443441
10871	0.501986
10872	0.578095
10873	0.676972
10874	0.744624
10875	0.767717
10876	0.826587
10877	0.874724
10878	0.931318
10879	1.03247
10880	1.17883
10881	1.31381
10882	1.36163
10883	0.93327
10884	0.0785089
10885	-0.447748
10886	-0.902775
10887	-0.931722
10888	-0.669895
10889	-0.343668
10890	-0.237636
10891	-0.250646
10892	-0.117293
10893	-0.0496402
10894	0.0310222
10895	0.222921
10896	0.146812
10897	-0.155997
10898	-0.596063
10899	-0.881959
10900	-1.02767
10901	-0.966199
10902	-0.641273
10903	-0.452952
10904	-0.343017
10905	-0.285773
10906	-0.215193
10907	-0.140711
10908	-0.0428099
10909	0.0814361
10910	0.00370103
10911	-0.224625
10912	-0.432786
10913	-0.595087
10914	-0.60582
10915	-0.477346
10916	-0.298132
10917	-0.254874
10918	-0.239587
10919	-0.185921
10920	-0.153721
10921	-0.0685048
10922	0.0206141
10923	0.0128081
10924	-0.105583
10925	-0.225276
10926	-0.268534
10927	-0.284472
10928	-0.211941
10929	-0.0681795
10930	-0.0112605
10931	0.0121576
10932	0.0280949
10933	0.0687513
10934	0.0950967
10935	0.174133
10936	0.264553
10937	0.286995
10938	0.31334
10939	0.357575
10940	0.401158
10941	0.459378
10942	0.536788
10943	0.602814
10944	0.649325
10945	0.703967
10946	0.748852
10947	0.778125
10948	0.86204
10949	0.958965
10950	1.06239
10951	1.18371
10952	1.31219
10953	1.13948
10954	0.437586
10955	-0.202834
10956	-0.634117
10957	-0.926193
10958	-0.766169
10959	-0.47019
10960	-0.261379
10961	-0.277967
10962	-0.209013
10963	-0.118919
10964	-0.125424
10965	0.0505372
10966	0.135428
10967	-0.0356544
10968	-0.377168
10969	-0.694289
10970	-0.888138
10971	-0.965223
10972	-0.765844
10973	-0.49556
10974	-0.393106
10975	-0.309516
10976	-0.277316
10977	-0.235034
10978	-0.179416
10979	-0.049315
10980	0.0193131
10981	-0.109812
10982	-0.279268
10983	-0.435714
10984	-0.534265
10985	-0.496861
10986	-0.352775
10987	-0.25585
10988	-0.252597
10989	-0.219747
10990	-0.186571
10991	-0.144939
10992	-0.0441109
10993	0.0271191
10994	-0.00670701
10995	-0.0977774
10996	-0.171935
10997	-0.231131
10998	-0.217145
10999	-0.105258
11000	-0.0109353
11001	0.00597779
11002	0.0183374
11003	0.00240003
11004	0.00857981
11005	0.0798099
11006	0.174458
11007	0.228125
11008	0.258698
11009	0.295777
11010	0.317243
11011	0.343264
11012	0.409615
11013	0.46198
11014	0.532235
11015	0.596309
11016	0.625257
11017	0.63664
11018	0.68185
11019	0.739745
11020	0.836345
11021	0.91408
11022	1.04418
11023	1.12517
11024	1.15379
11025	0.810975
11026	-0.000852486
11027	-0.465312
11028	-0.69624
11029	-0.760315
11030	-0.470841
11031	-0.218446
11032	-0.137783
11033	-0.250646
11034	-0.21812
11035	-0.158274
11036	-0.175187
11037	0.0144343
11038	0.046309
11039	-0.182343
11040	-0.498812
11041	-0.733319
11042	-0.839025
11043	-0.836749
11044	-0.589232
11045	-0.344969
11046	-0.304963
11047	-0.26951
11048	-0.276991
11049	-0.26333
11050	-0.207387
11051	-0.0717573
11052	-0.00117774
11053	-0.115992
11054	-0.224625
11055	-0.329682
11056	-0.413597
11057	-0.36676
11058	-0.24967
11059	-0.182018
11060	-0.22365
11061	-0.210314
11062	-0.200882
11063	-0.17226
11064	-0.0717573
11065	0.0121576
11066	0.00109902
11067	-0.0639513
11068	-0.137783
11069	-0.183319
11070	-0.185921
11071	-0.102981
11072	-0.0441109
11073	-0.0174403
11074	-0.000527234
11075	0.0209394
11076	0.0440322
11077	0.0931452
11078	0.164375
11079	0.21544
11080	0.236906
11081	0.256747
11082	0.260975
11083	0.283417
11084	0.335132
11085	0.386847
11086	0.420999
11087	0.450271
11088	0.464257
11089	0.490277
11090	0.53939
11091	0.625582
11092	0.706569
11093	0.760886
11094	0.776824
11095	0.801868
11096	0.835044
11097	0.900745
11098	0.854234
11099	0.40376
11100	-0.00930902
11101	-0.330983
11102	-0.564188
11103	-0.511823
11104	-0.393431
11105	-0.240888
11106	-0.278942
11107	-0.294555
11108	-0.307239
11109	-0.367411
11110	-0.295205
11111	-0.193076
11112	-0.197955
11113	-0.259427
11114	-0.399611
11115	-0.49621
11116	-0.609398
11117	-0.571669
11118	-0.442869
11119	-0.35993
11120	-0.294229
11121	-0.296506
11122	-0.304637
11123	-0.295205
11124	-0.246743
11125	-0.129977
11126	-0.0886704
11127	-0.0844421
11128	-0.129002
11129	-0.214543
11130	-0.265607
11131	-0.258777
11132	-0.192751
11133	-0.163153
11134	-0.177139
11135	-0.152745
11136	-0.167056
11137	-0.142337
11138	-0.0672038
11139	-0.011911
11140	0.00988081
11141	-0.0252463
11142	-0.0759856
11143	-0.111763
11144	-0.113064
11145	-0.0698058
11146	-0.0307756
11147	0.00272528
11148	0.0385029
11149	0.0534645
11150	0.0648483
11151	0.0804604
11152	0.114287
11153	0.154618
11154	0.187468
11155	0.223571
11156	0.242436
11157	0.266829
11158	0.293825
11159	0.331229
11160	0.355298
11161	0.375138
11162	0.372861
11163	0.368633
11164	0.391076
11165	0.421324
11166	0.444092
11167	0.476942
11168	0.476942
11169	0.472388
11170	0.446368
11171	0.457102
11172	0.498083
11173	0.549473
11174	0.589479
11175	0.419047
11176	0.0837129
11177	-0.110787
11178	-0.327405
11179	-0.335211
11180	-0.289676
11181	-0.218771
11182	-0.240563
11183	-0.321876
11184	-0.363183
11185	-0.391805
11186	-0.389528
11187	-0.266908
11188	-0.237636
11189	-0.241213
11190	-0.323502
11191	-0.38595
11192	-0.430184
11193	-0.426281
11194	-0.323827
11195	-0.246743
11196	-0.222999
11197	-0.222349
11198	-0.252922
11199	-0.260728
11200	-0.233407
11201	-0.156973
11202	-0.0938744
11203	-0.0798886
11204	-0.0902966
11205	-0.129002
11206	-0.145589
11207	-0.14006
11208	-0.0932239
11209	-0.0639513
11210	-0.0633008
11211	-0.0785876
11212	-0.0818401
11213	-0.0779371
11214	-0.0480139
11215	-0.0161393
11216	-0.00117774
11217	-0.0216686
11218	-0.0437857
11219	-0.0343534
11220	-0.0262221
11221	0.0180121
11222	0.0469595
11223	0.0583433
11224	0.050212
11225	0.04761
11226	0.0648483
11227	0.0824119
11228	0.125996
11229	0.187143
11230	0.189094
11231	0.214139
11232	0.208284
11233	0.182589
11234	0.200803
11235	0.208609
11236	0.233654
11237	0.245038
11238	0.249266
11239	0.235605
11240	0.222921
11241	0.237232
11242	0.235605
11243	0.229751
11244	0.215114
11245	0.191371
11246	0.198201
11247	0.18389
11248	0.202104
11249	0.163725
11250	0.150064
11251	0.121117
11252	0.101927
11253	0.114612
11254	0.098024
11255	0.114937
11256	0.0694018
11257	0.0202889
11258	-0.0535432
11259	-0.0990784
11260	-0.131604
11261	-0.135507
11262	-0.166731
11263	-0.17844
11264	-0.229179
11265	-0.246092
11266	-0.28805
11267	-0.273413
11268	-0.256175
11269	-0.238611
11270	-0.216169
11271	-0.217795
11272	-0.219747
11273	-0.213242
11274	-0.214217
11275	-0.18527
11276	-0.163153
11277	-0.160551
11278	-0.151769
11279	-0.158274
11280	-0.131278
11281	-0.118268
11282	-0.0772866
11283	-0.057121
11284	-0.0554947
11285	-0.05582
11286	-0.0642765
11287	-0.0587472
11288	-0.0467129
11289	-0.0294746
11290	-0.0184161
11291	-0.0363049
11292	-0.0379312
11293	-0.0333776
11294	-0.0193918
11295	0.00272528
11296	0.00532729
11297	0.0219151
11298	0.0258181
11299	0.0339494
11300	0.0443575
11301	0.0375272
11302	0.0508625
11303	0.0472847
11304	0.0710281
11305	0.0759069
11306	0.0804604
11307	0.0950967
11308	0.0905432
11309	0.110709
11310	0.102903
11311	0.114287
11312	0.0924947
11313	0.0915189
11314	0.0827371
11315	0.0976987
11316	0.0827371
11317	0.0963977
11318	0.0733048
11319	0.0895674
11320	0.0817614
11321	0.0775331
11322	0.0752564
11323	0.0557413
11324	0.06062
11325	0.0482605
11326	0.0293959
11327	0.0290706
11328	0.0180121
11329	0.0303717
11330	0.0345999
11331	0.0215899
11332	0.0118323
11333	-0.0184161
11334	-0.0258968
11335	-0.0288241
11336	-0.0271979
11337	-0.0252463
11338	-0.0379312
11339	-0.0444362
11340	-0.0541937
11341	-0.0450867
11342	-0.0528927
11343	-0.0411837
11344	-0.049315
11345	-0.064927
11346	-0.0642765
11347	-0.0600483
11348	-0.0470382
11349	-0.0424847
11350	-0.0528927
11351	-0.0564705
11352	-0.0779371
11353	-0.0782623
11354	-0.0714321
11355	-0.0587472
11356	-0.0480139
11357	-0.050616
11358	-0.0463877
11359	-0.0515917
11360	-0.0441109
11361	-0.0317514
11362	-0.011911
11363	-0.0158141
11364	-0.0223191
11365	-0.0268726
11366	-0.0428099
11367	-0.0441109
11368	-0.0206928
11369	-0.011911
11370	-0.0125615
11371	-0.0125615
11372	-0.0219938
11373	-0.0229696
11374	-0.0255716
11375	-0.0125615
11376	-0.00930902
11377	-0.00865852
11378	-0.0158141
11379	0.0115071
11380	-0.0128868
11381	0.0232161
11382	0.0180121
11383	0.0378524
11384	0.0355757
11385	0.0433817
11386	0.0258181
11387	0.0336242
11388	0.0372019
11389	0.061921
11390	0.0664746
11391	0.0674503
11392	0.0453332
11393	0.0329737
11394	0.0563918
11395	0.0378524
11396	0.0811109
11397	0.0362262
11398	0.0658241
11399	0.0144343
11400	0.0615958
11401	0.0303717
11402	0.0674503
11403	0.0511877
11404	0.0547655
11405	0.0267939
11406	0.0287454
11407	0.0394787
11408	0.0306969
11409	0.0954219
11410	0.0183374
11411	0.0628968
11412	0.00337578
11413	0.0359009
11414	-0.0138625
11415	0.0254929
11416	-0.0346786
11417	0.0219151
11418	-0.0255716
11419	0.00435154
11420	-0.0369554
11421	-0.0333776
11422	-0.0262221
11423	-0.0158141
11424	-0.0337029
11425	-0.0372806
11426	-0.0740341
11427	-0.0434604
11428	-0.049315
11429	0.0225656
11430	-0.0255716
11431	0.0228909
11432	-0.0694805
11433	-0.0122363
11434	-0.0977774
11435	-0.0258968
11436	-0.0928986
11437	0.0219151
11438	-0.066228
11439	0.0469595
11440	-0.0619998
11441	0.0345999
11442	-0.0919229
11443	0.0267939
11444	-0.0834664
11445	0.0612705
11446	-0.0236201
11447	0.0664746
11448	-0.0245958
11449	-0.0135373
11450	-0.0210181
11451	-0.0193918
11452	0.0407797
11453	0.0378524
11454	0.0544403
11455	0.0134586
11456	0.0443575
11457	0.0111818
11458	0.046309
11459	-0.000852486
11460	0.0456585
11461	0.0196384
11462	0.0765574
11463	0.0524888
11464	0.0658241
11465	-0.00540601
11466	0.0492362
11467	0.0264686
11468	0.0814361
11469	0.0368767
11470	0.0817614
11471	0.0157353
11472	0.0388282
11473	0.0271191
11474	0.0430565
11475	0.00402629
11476	0.0684261
11477	-0.0167898
11478	-0.0141878
11479	-0.00800802
11480	0.00955556
11481	0.0492362
11482	0.0316727
11483	0.0144343
11484	-0.0811896
11485	-0.0496402
11486	-0.0499655
11487	0.0287454
11488	0.0248424
11489	0.0232161
11490	-0.0317514
11491	-0.0678543
11492	-0.0659028
11493	-0.0109353
11494	-0.00573126
11495	0.0398039
11496	-0.0206928
11497	-0.0457372
11498	-0.0912724
11499	-0.0350039
11500	-0.0115858
11501	0.0453332
11502	0.00109902
11503	-0.01061
11504	-0.0467129
11505	-0.0219938
11506	-0.0522422
11507	-0.0258968
11508	0.00109902
11509	0.0115071
11510	0.0118323
11511	-0.0115858
11512	-0.0226443
11513	-0.0245958
11514	0.0160606
11515	0.0128081
11516	0.0186626
11517	-0.00930902
11518	0.0228909
11519	-0.0177656
11520	0.0297212
11521	0.00305053
11522	0.0332989
11523	0.00272528
11524	0.0115071
11525	-0.00508075
11526	0.0102061
11527	0.0108566
11528	0.0326484
11529	0.0134586
11530	0.0131333
11531	-0.00670701
11532	-0.0141878
11533	-0.0258968
11534	-0.0115858
11535	-0.0268726
11536	-0.0236201
11537	-0.0454119
11538	-0.0350039
11539	-0.066228
11540	-0.0473634
11541	-0.0720826
11542	-0.0646018
11543	-0.0743593
11544	-0.0454119
11545	-0.0590725
11546	-0.0587472
11547	-0.0769613
11548	-0.106234
11549	-0.0958259
11550	-0.0889956
11551	-0.0782623
11552	-0.0915976
11553	-0.104608
11554	-0.0893209
11555	-0.0971269
11556	-0.0776118
11557	-0.0548442
11558	-0.0743593
11559	-0.0766361
11560	-0.067529
11561	-0.0769613
11562	-0.0444362
11563	-0.0376059
11564	-0.0324019
11565	-0.0411837
11566	-0.0463877
11567	-0.0424847
11568	-0.00800802
11569	-0.00377975
11570	0.0479352
11571	0.00305053
11572	0.0157353
11573	-0.0324019
11574	-0.0128868
11575	0.00467679
11576	0.0235414
11577	0.0388282
11578	0.0248424
11579	-0.00443025
11580	-0.00508075
11581	-0.0138625
11582	0.0440322
11583	0.041105
11584	0.0765574
11585	0.0385029
11586	0.0297212
11587	0.0293959
11588	0.0254929
11589	0.0820866
11590	0.0664746
11591	0.0814361
11592	0.0235414
11593	0.0251676
11594	0.0274444
11595	0.00174953
11596	0.041105
11597	0.0124828
11598	0.0645231
11599	0.0746059
11600	0.105179
11601	0.0707028
11602	0.0280949
11603	-0.0363049
11604	-0.0642765
11605	-0.00215349
11606	0.0570423
11607	0.0814361
11608	0.0677756
11609	-0.00312925
11610	-0.0284989
11611	-0.0717573
11612	-0.0590725
11613	-0.0564705
11614	-0.0421594
11615	-0.0229696
11616	0.00044852
11617	-0.0242706
11618	-0.0324019
11619	-0.0551695
11620	-0.057121
11621	-0.0376059
11622	-0.00930902
11623	-0.00150299
11624	0.00435154
11625	-0.0467129
11626	-0.0802138
11627	-0.10103
11628	-0.0616745
11629	-0.0255716
11630	-0.0180908
11631	-0.0255716
11632	-0.0994037
11633	-0.0756603
11634	-0.0860684
11635	-0.0232948
11636	-0.0226443
11637	0.00467679
11638	-0.0258968
11639	-0.0389069
11640	-0.0307756
11641	-0.0242706
11642	0.00370103
11643	0.0209394
11644	0.0128081
11645	-0.00540601
11646	-0.0193918
11647	-0.0141878
11648	-0.00247874
11649	0.0264686
11650	0.0147596
11651	0.0267939
11652	0.0124828
11653	0.0274444
11654	0.0345999
11655	0.0391534
11656	0.050212
11657	0.0430565
11658	0.0469595
11659	0.0547655
11660	0.0609453
11661	0.0746059
11662	0.0710281
11663	0.0739553
11664	0.0759069
11665	0.0954219
11666	0.110058
11667	0.114612
11668	0.127297
11669	0.127297
11670	0.11884
11671	0.130224
11672	0.135103
11673	0.1634
11674	0.152016
11675	0.180638
11676	0.164375
11677	0.15169
11678	0.150064
11679	0.110058
11680	0.11884
11681	0.109083
11682	0.102577
11683	0.119491
11684	0.06062
11685	0.0989997
11686	0.0339494
11687	0.0729796
11688	0.0466342
11689	0.0508625
11690	0.0326484
11691	0.0131333
11692	-0.00898377
11693	-0.0268726
11694	-0.0434604
11695	-0.0304504
11696	-0.0659028
11697	-0.0470382
11698	-0.0922481
11699	-0.100379
11700	-0.0964764
11701	-0.0945249
11702	-0.0606988
11703	-0.0912724
11704	-0.0857431
11705	-0.104608
11706	-0.0922481
11707	-0.0698058
11708	-0.0551695
11709	-0.051917
11710	-0.059723
11711	-0.0590725
11712	-0.062325
11713	-0.0437857
11714	-0.00768277
11715	-0.0135373
11716	0.00630305
11717	-0.00735751
11718	0.00337578
11719	0.0173616
11720	0.0401292
11721	0.0921694
11722	0.0902179
11723	0.149739
11724	0.0707028
11725	0.0746059
11726	0.00500204
11727	0.0492362
11728	0.0521635
11729	0.0928199
11730	0.0746059
11731	0.0654988
11732	0.0193131
11733	0.0264686
11734	0.0303717
11735	0.0811109
11736	0.0830624
11737	0.0840381
11738	-0.00800802
11739	-0.0304504
11740	-0.0541937
11741	-0.0528927
11742	0.00857981
11743	-0.0180908
11744	-0.0122363
11745	-0.0766361
11746	-0.064927
11747	-0.0831411
11748	-0.0447614
11749	-0.0275231
11750	-0.0301251
11751	-0.0408584
11752	-0.0668785
11753	-0.0535432
11754	-0.0633008
11755	-0.0174403
11756	-0.0255716
11757	-0.0148383
11758	-0.049315
11759	-0.051917
11760	-0.0366301
11761	-0.0551695
11762	0.0105313
11763	-0.00930902
11764	0.0326484
11765	-0.0177656
11766	0.0147596
11767	-0.0226443
11768	0.00825456
11769	0.0222404
11770	0.0271191
11771	-0.00443025
11772	0.00923031
11773	-0.0431352
11774	0.00109902
11775	-0.00670701
11776	0.0385029
11777	0.0160606
11778	0.0290706
11779	-0.0258968
11780	-0.0193918
11781	-0.0115858
11782	0.00044852
11783	0.00955556
11784	-0.0252463
11785	-0.0379312
11786	-0.0509412
11787	-0.0434604
11788	-0.0395574
11789	-0.0398827
11790	-0.059723
11791	-0.050616
11792	-0.0811896
11793	-0.0554947
11794	-0.0837916
11795	-0.0580967
11796	-0.0857431
11797	-0.0867189
11798	-0.0997289
11799	-0.110462
11800	-0.137133
11801	-0.12087
11802	-0.147541
11803	-0.105909
11804	-0.13323
11805	-0.0987532
11806	-0.141361
11807	-0.112414
11808	-0.142662
11809	-0.117293
11810	-0.131604
11811	-0.122822
11812	-0.142662
11813	-0.125749
11814	-0.156648
11815	-0.130953
11816	-0.154046
11817	-0.128026
11818	-0.143963
11819	-0.109812
11820	-0.108511
11821	-0.113389
11822	-0.100054
11823	-0.103957
11824	-0.0889956
11825	-0.06883
11826	-0.0756603
11827	-0.0476887
11828	-0.0766361
11829	-0.0548442
11830	-0.0740341
11831	-0.0743593
11832	-0.0431352
11833	-0.0919229
11834	-0.0291494
11835	-0.108511
11836	-0.0454119
11837	-0.0987532
11838	-0.057121
11839	-0.0642765
11840	-0.0685048
11841	-0.0522422
11842	-0.0567957
11843	-0.0213433
11844	-0.0200423
11845	-0.00963428
11846	-0.00605651
11847	-0.0307756
11848	0.00240003
11849	-0.0193918
11850	0.0241919
11851	0.0108566
11852	0.0391534
11853	0.0404544
11854	0.0863149
11855	0.0928199
11856	0.10648
11857	0.103878
11858	0.117214
11859	0.126971
11860	0.163074
11861	0.145185
11862	0.192022
11863	0.152016
11864	0.203405
11865	0.189094
11866	0.174458
11867	0.212838
11868	0.132826
11869	0.148763
11870	0.113961
11871	0.173157
11872	0.149739
11873	0.154943
11874	0.100951
11875	0.0892422
11876	0.10648
11877	0.120792
11878	0.122743
11879	0.0681008
11880	0.0372019
11881	0.0154101
11882	0.0547655
11883	0.0667998
11884	0.0300464
11885	0.0453332
11886	-0.00995953
11887	0.0102061
11888	0.0147596
11889	0.050212
11890	0.0518383
11891	0.0157353
11892	0.0417555
11893	-0.0219938
11894	0.0206141
11895	-0.0047555
11896	0.0749311
11897	-0.00280399
11898	0.0245171
11899	-0.0385817
11900	-0.0577715
11901	-0.0271979
11902	-0.0239453
11903	0.0209394
11904	0.0163858
11905	0.043707
11906	-0.00508075
11907	-0.0125615
11908	-0.0278484
11909	0.00142427
11910	0.0589938
11911	0.0306969
11912	0.0768826
11913	0.00597779
11914	0.0892422
11915	0.0931452
11916	0.102903
11917	0.13185
11918	0.0694018
11919	0.140632
11920	0.116563
11921	0.128598
11922	0.129899
11923	0.103553
11924	0.154943
11925	0.159822
11926	0.18324
11927	0.192997
11928	0.123068
11929	0.192022
11930	0.184541
11931	0.227149
11932	0.225523
11933	0.179337
11934	0.207634
11935	0.158195
11936	0.192022
11937	0.146812
11938	0.147137
11939	0.123394
11940	0.0837129
11941	0.101602
11942	0.126646
11943	0.0537898
11944	0.101602
11945	0.0180121
11946	0.0694018
11947	0.0394787
11948	0.0241919
11949	0.0482605
11950	0.0485857
11951	0.0306969
11952	0.0404544
11953	0.00174953
11954	0.0329737
11955	0.0248424
11956	0.0183374
11957	0.0775331
11958	-0.0278484
11959	0.0807856
11960	-0.0450867
11961	0.0651736
11962	0.0658241
11963	0.0372019
11964	0.146486
11965	0.0746059
11966	0.099325
11967	0.137705
11968	0.0612705
11969	0.226498
11970	0.0306969
11971	0.191371
11972	0.055416
11973	0.0827371
11974	0.0707028
11975	0.0733048
11976	0.161448
11977	0.0349252
11978	0.0856644
11979	-0.00898377
11980	0.00305053
11981	0.0362262
11982	-0.00247874
11983	-0.0405332
11984	-0.0548442
11985	-0.0698058
11986	-0.100705
11987	-0.0753351
11988	-0.0486645
11989	-0.104933
11990	-0.167381
11991	-0.0909471
11992	-0.20511
11993	-0.115992
11994	-0.17161
11995	-0.136482
11996	-0.178115
11997	-0.131929
11998	-0.116967
11999	-0.170959
12000	-0.22983
12001	-0.0763108
12002	-0.188197
12003	-0.0301251
12004	-0.189824
12005	-0.0912724
12006	-0.101355
12007	-0.0925734
12008	0.0147596
12009	-0.0811896
12010	0.0498867
12011	-0.0271979
12012	0.0921694
12013	-0.0987532
12014	0.127297
12015	-0.0486645
12016	0.0843634
12017	-0.117293
12018	0.0778584
12019	-0.140711
12020	-0.0834664
12021	-0.0239453
12022	-0.0912724
12023	-0.109812
12024	-0.119569
12025	-0.149818
12026	-0.0951754
12027	-0.150793
12028	-0.189173
12029	-0.147866
12030	-0.228854
12031	-0.184294
12032	-0.19828
12033	-0.205761
12034	-0.266583
12035	-0.243165
12036	-0.169983
12037	-0.295205
12038	-0.144939
12039	-0.323502
12040	-0.150468
12041	-0.241539
12042	-0.163803
12043	-0.181692
12044	-0.296831
12045	-0.0886704
12046	-0.26951
12047	-0.0811896
12048	-0.164129
12049	-0.209664
12050	-0.0593977
12051	-0.154696
12052	-0.0460624
12053	-0.176163
12054	-0.0522422
12055	-0.0437857
12056	-0.131929
12057	0.0544403
12058	-0.214543
12059	0.0986745
12060	-0.217795
12061	0.0859897
12062	0.0290706
12063	-0.191775
12064	0.162424
12065	-0.223975
12066	0.160472
12067	-0.13323
12068	0.0183374
12069	0.046309
12070	-0.122822
12071	0.102903
12072	-0.103632
12073	0.0654988
12074	-0.132905
12075	0.0973735
12076	-0.102981
12077	-0.0151635
12078	-0.066228
12079	-0.00703226
12080	-0.129002
12081	0.115262
12082	-0.169983
12083	-0.0447614
12084	-0.0994037
12085	0.00467679
12086	-0.115341
12087	0.0193131
12088	-0.102656
12089	-0.0366301
12090	-0.00312925
12091	-0.105583
12092	0.0898927
12093	-0.17909
12094	0.0144343
12095	0.0339494
12096	-0.0733836
12097	0.0466342
12098	-0.00800802
12099	-0.00573126
12100	0.0326484
12101	-0.0603735
12102	0.258698
12103	-0.17161
12104	0.1969
12105	0.00305053
12106	0.1312
12107	0.0280949
12108	0.142909
12109	0.141282
12110	-0.0252463
12111	0.234304
12112	0.0329737
12113	0.161448
12114	0.0895674
12115	0.121442
12116	0.133802
12117	0.175109
12118	0.107456
12119	0.152666
12120	0.0840381
12121	0.24829
12122	-0.0200423
12123	0.256096
12124	-0.00735751
12125	0.188769
12126	0.0853392
12127	0.0586685
12128	0.168278
12129	0.0459837
12130	0.150064
12131	0.0193131
12132	0.0840381
12133	0.0280949
12134	0.119816
12135	-0.0678543
12136	0.122743
12137	-0.0600483
12138	0.0482605
12139	-0.0356544
12140	0.0853392
12141	-0.113715
12142	0.0833876
12143	-0.152745
12144	0.0944462
12145	-0.0948502
12146	-0.00443025
12147	-0.0844421
12148	0.0482605
12149	-0.142012
12150	0.045008
12151	-0.0906219
12152	-0.0359796
12153	-0.0603735
12154	-0.119244
12155	0.0755816
12156	-0.199906
12157	0.0658241
12158	-0.149818
12159	-0.0473634
12160	-0.0626503
12161	-0.0301251
12162	-0.124448
12163	-0.0356544
12164	-0.0928986
12165	-0.0320766
12166	-0.0857431
12167	-0.0330524
12168	-0.0639513
12169	-0.0421594
12170	-0.12087
12171	0.0944462
12172	-0.0981027
12173	-0.0906219
12174	0.0544403
12175	-0.128026
12176	-0.0795633
12177	0.0674503
12178	-0.215844
12179	0.0615958
12180	-0.0190666
12181	-0.1264
12182	0.0589938
12183	-0.131604
12184	0.0196384
12185	-0.0886704
12186	0.058018
12187	-0.0424847
12188	-0.004105
12189	-0.0232948
12190	-0.0385817
12191	0.0313474
12192	-0.00117774
12193	-0.0376059
12194	0.0368767
12195	-0.0314261
12196	-0.0564705
12197	0.0521635
12198	0.0375272
12199	-0.0850926
12200	0.0694018
12201	-0.0333776
12202	-0.0447614
12203	0.0911937
12204	-0.0805391
12205	0.11884
12206	-0.149167
12207	0.121767
12208	-0.0711068
12209	0.0840381
12210	-0.114365
12211	0.0905432
12212	-0.0821654
12213	0.116238
12214	-0.0915976
12215	0.050212
12216	-0.00247874
12217	-0.0759856
12218	0.131525
12219	-0.0574462
12220	-0.0444362
12221	0.125345
12222	-0.0932239
12223	-0.0281736
12224	0.154292
12225	-0.124123
12226	0.0495615
12227	-0.00605651
12228	0.0303717
12229	-0.0444362
12230	0.0677756
12231	-0.0428099
12232	0.0271191
12233	0.00142427
12234	-0.00377975
12235	0.0134586
12236	-0.00963428
12237	-0.0320766
12238	0.0479352
12239	-0.119569
12240	0.0707028
12241	-0.0681795
12242	-0.0122363
12243	-0.0307756
12244	-0.00833327
12245	-0.119244
12246	0.125996
12247	-0.227878
12248	0.135103
12249	-0.176488
12250	-0.0197171
12251	0.0121576
12252	-0.15242
12253	0.0482605
12254	-0.106884
12255	-0.059723
12256	-0.0606988
12257	-0.0324019
12258	-0.142987
12259	0.141608
12260	-0.287724
12261	0.0596443
12262	-0.0772866
12263	-0.0561452
12264	-0.131604
12265	0.054115
12266	-0.10721
12267	-0.184294
12268	0.145836
12269	-0.193727
12270	-0.0148383
12271	0.056717
12272	-0.144288
12273	0.0368767
12274	-0.000527234
12275	-0.0724078
12276	0.0284201
12277	-0.00930902
12278	-0.0320766
12279	0.0212646
12280	-0.0249211
12281	0.00142427
12282	0.00825456
12283	-0.0294746
12284	0.0427312
12285	-0.0297999
12286	0.0427312
12287	0.0391534
12288	-0.0415089
12289	0.0723291
12290	-0.0740341
12291	0.150389
12292	-0.0714321
12293	0.0677756
12294	0.0196384
12295	-0.0548442
12296	0.179337
12297	-0.160551
12298	0.149414
12299	0.041105
12300	-0.132905
12301	0.245038
12302	-0.124123
12303	0.113311
12304	0.0115071
12305	-0.0034545
12306	0.0420807
12307	-0.0346786
12308	0.0667998
12309	-0.0265474
12310	0.0160606
12311	0.0736301
12312	-0.113389
12313	0.100301
12314	0.00370103
12315	0.0570423
12316	-0.0818401
12317	0.151365
12318	-0.10103
12319	0.0446827
12320	0.0258181
12321	-0.0444362
12322	0.0417555
12323	-0.00280399
12324	-0.0226443
12325	0.0798099
12326	-0.102981
12327	0.128598
12328	-0.130303
12329	0.172507
12330	-0.166405
12331	0.0895674
12332	0.00044852
12333	0.0124828
12334	0.046309
12335	-0.0837916
12336	0.1312
12337	-0.144939
12338	0.119491
12339	0.0466342
12340	-0.181042
12341	0.29285
12342	-0.317973
12343	0.269431
12344	-0.117293
12345	0.0654988
12346	0.0079293
12347	-0.0288241
12348	0.0716786
12349	-0.0138625
12350	-0.00930902
12351	0.0859897
12352	-0.0740341
12353	0.0941209
12354	-0.0470382
12355	0.125345
12356	-0.124123
12357	0.113636
12358	0.0160606
12359	-0.1264
12360	0.243737
12361	-0.165755
12362	0.124695
12363	0.0180121
12364	-0.0385817
12365	0.108757
12366	-0.0411837
12367	0.0550908
12368	-0.00670701
12369	0.0147596
12370	0.00467679
12371	0.0570423
12372	-0.00963428
12373	-0.00930902
12374	0.173157
12375	-0.216819
12376	0.268456
12377	-0.136808
12378	0.0173616
12379	0.13868
12380	-0.0629755
12381	0.0362262
12382	0.0856644
12383	-0.0444362
12384	0.0245171
12385	0.104854
12386	-0.0418342
12387	0.00337578
12388	0.107131
12389	-0.136808
12390	0.165351
12391	-0.0906219
12392	0.0137838
12393	0.0147596
12394	0.0713533
12395	-0.149167
12396	0.130549
12397	-0.06883
12398	-0.0808643
12399	0.141282
12400	-0.10721
12401	-0.00833327
12402	0.0863149
12403	-0.106884
12404	0.0482605
12405	0.0586685
12406	0.00402629
12407	-0.0353291
12408	0.0648483
12409	-0.0398827
12410	0.0339494
12411	0.0267939
12412	0.00695355
12413	-0.00150299
12414	0.0365514
12415	-0.062325
12416	0.179337
12417	-0.125424
12418	0.0485857
12419	0.101927
12420	-0.0932239
12421	0.0833876
12422	0.0537898
12423	-0.063626
12424	0.0898927
12425	-0.0102848
12426	0.0684261
12427	-0.0750098
12428	0.124044
12429	-0.0704563
12430	0.00240003
12431	0.0768826
12432	-0.0844421
12433	0.0469595
12434	0.0241919
12435	-0.0711068
12436	0.116238
12437	-0.1264
12438	0.0690766
12439	0.0404544
12440	-0.164779
12441	0.190721
12442	-0.133555
12443	0.0212646
12444	0.00857981
12445	0.0365514
12446	-0.0398827
12447	0.0147596
12448	-0.0324019
12449	0.0287454
12450	0.00760405
12451	-0.0167898
12452	-0.000201983
12453	0.0414302
12454	-0.0242706
12455	-0.0454119
12456	0.147137
12457	-0.0847674
12458	0.0599695
12459	0.00142427
12460	0.0879412
12461	-0.0779371
12462	0.0866402
12463	0.0193131
12464	0.00532729
12465	-0.0102848
12466	0.0989997
12467	0.0212646
12468	0.0131333
12469	0.0778584
12470	-0.0206928
12471	0.0931452
12472	0.0154101
12473	0.0258181
12474	0.117539
12475	-0.117943
12476	0.162749
12477	0.00305053
12478	0.0319979
12479	0.122743
12480	-0.0740341
12481	0.112986
12482	0.0589938
12483	0.00272528
12484	0.0778584
12485	0.0472847
12486	0.0453332
12487	-0.00670701
12488	0.180313
12489	-0.140385
12490	0.172507
12491	0.0102061
12492	-0.0408584
12493	0.161773
12494	-0.0906219
12495	-0.00963428
12496	0.120466
12497	-0.0652523
12498	0.0632221
12499	0.0811109
12500	-0.0870441
12501	0.0963977
12502	-0.00963428
12503	0.0271191
12504	0.0495615
12505	-0.0538685
12506	0.0277696
12507	0.0222404
12508	0.0141091
12509	-0.00573126
12510	0.0772079
12511	-0.0389069
12512	0.00240003
12513	-0.00865852
12514	0.0173616
12515	-0.0249211
12516	-0.00638176
12517	0.00597779
12518	0.0326484
12519	-0.0720826
12520	0.0433817
12521	-0.00150299
12522	0.0183374
12523	0.0141091
12524	-0.0733836
12525	0.0762321
12526	-0.0994037
12527	0.0326484
12528	0.00272528
12529	-0.0593977
12530	0.0202889
12531	-0.0281736
12532	-0.0340281
12533	0.0427312
12534	-0.0473634
12535	-0.0252463
12536	0.0511877
12537	-0.116967
12538	0.0830624
12539	-0.0177656
12540	-0.0314261
12541	0.0167111
12542	0.00402629
12543	-0.0779371
12544	0.0716786
12545	-0.0646018
12546	-0.0271979
12547	0.0349252
12548	-0.0356544
12549	0.0248424
12550	0.00370103
12551	-0.0047555
12552	-0.00963428
12553	0.0284201
12554	-0.0567957
12555	0.0733048
12556	-0.0398827
12557	0.0306969
12558	0.00923031
12559	-0.00215349
12560	0.0293959
12561	0.046309
12562	-0.00573126
12563	0.0456585
12564	-0.0138625
12565	0.0349252
12566	0.0339494
12567	0.0505372
12568	0.0297212
12569	0.0313474
12570	0.0570423
12571	0.0359009
12572	0.0934704
12573	0.0661493
12574	0.0443575
12575	0.102577
12576	0.0134586
12577	0.0804604
12578	0.0534645
12579	0.0563918
12580	0.0375272
12581	0.0596443
12582	-0.000201983
12583	0.0889169
12584	0.0128081
12585	0.0235414
12586	0.0180121
12587	0.0121576
12588	0.0345999
12589	0.0264686
12590	0.00630305
12591	0.0261434
12592	-0.0366301
12593	0.0232161
12594	0.0173616
12595	0.00467679
12596	-0.00508075
12597	-0.0359796
12598	-0.0190666
12599	-0.0411837
12600	-0.0167898
12601	-0.0291494
12602	-0.0730583
12603	-0.0496402
12604	-0.0896461
12605	-0.0629755
12606	-0.0834664
12607	-0.109486
12608	-0.0971269
12609	-0.132579
12610	-0.130953
12611	-0.119244
12612	-0.144614
12613	-0.142662
12614	-0.139084
12615	-0.159575
12616	-0.132254
12617	-0.140385
12618	-0.14624
12619	-0.132579
12620	-0.139084
12621	-0.122171
12622	-0.110462
12623	-0.109812
12624	-0.0574462
12625	-0.0720826
12626	-0.0200423
12627	0.00174953
12628	0.0319979
12629	0.0863149
12630	0.110384
12631	0.162749
12632	0.192347
12633	0.244712
12634	0.301306
12635	0.335458
12636	0.398882
12637	0.444417
12638	0.465233
12639	0.523128
12640	0.561507
12641	0.632412
12642	0.667865
12643	0.735192
12644	0.74625
12645	0.672743
12646	0.578095
12647	0.271383
12648	0.054115
12649	-0.0236201
12650	-0.233407
12651	-0.348546
12652	-0.524182
12653	-0.636069
12654	-0.743727
12655	-0.705672
12656	-0.592485
12657	-0.497186
12658	-0.475069
12659	-0.381071
12660	-0.313744
12661	-0.257151
12662	-0.154371
12663	-0.10721
12664	-0.123147
12665	-0.221373
12666	-0.262029
12667	-0.312769
12668	-0.347896
12669	-0.415223
12670	-0.45718
12671	-0.55378
12672	-0.630539
12673	-0.672171
12674	-0.668594
12675	-0.58663
12676	-0.567766
12677	-0.491982
12678	-0.409368
12679	-0.326429
12680	-0.251296
12681	-0.158274
12682	-0.12087
12683	-0.121846
12684	-0.11469
12685	-0.0808643
12686	-0.0515917
12687	-0.0206928
12688	0.0612705
12689	0.12502
12690	0.185842
12691	0.284718
12692	0.408639
12693	0.494831
12694	0.60997
12695	0.769343
12696	0.889036
12697	0.980106
12698	1.12614
12699	1.24811
12700	1.33496
12701	1.4875
12702	1.65208
12703	1.588
12704	0.921235
12705	0.380017
12706	0.244062
12707	-0.233733
12708	-0.348221
12709	-0.461083
12710	-0.707624
12711	-1.08752
12712	-1.02344
12713	-0.68323
12714	-0.445146
12715	-0.297807
12716	-0.111438
12717	-0.0587472
12718	-0.157949
12719	0.0781836
12720	0.23528
12721	0.150064
12722	-0.128351
12723	-0.318298
12724	-0.508895
12725	-0.680303
12726	-0.687784
12727	-0.655909
12728	-0.752183
12729	-0.847157
12730	-0.713153
12731	-0.522231
12732	-0.339114
12733	-0.138759
12734	0.0632221
12735	0.0518383
12736	0.00435154
12737	-0.0337029
12738	-0.0828159
12739	-0.205761
12740	-0.305938
12741	-0.399936
12742	-0.533289
12743	-0.589558
12744	-0.537843
12745	-0.442869
12746	-0.38595
12747	-0.290652
12748	-0.213892
12749	-0.140385
12750	-0.0580967
12751	0.0456585
12752	0.115262
12753	0.139656
12754	0.166652
12755	0.206007
12756	0.246013
12757	0.304233
12758	0.37091
12759	0.414819
12760	0.466859
12761	0.579721
12762	0.717628
12763	0.848704
12764	0.993441
12765	1.13883
12766	1.30113
12767	1.47124
12768	1.68753
12769	1.79974
12770	1.31349
12771	0.605091
12772	0.275937
12773	-0.061024
12774	-0.378469
12775	-0.457506
12776	-0.678677
12777	-1.04101
12778	-1.17208
12779	-0.846181
12780	-0.448073
12781	-0.238611
12782	-0.0333776
12783	0.0960724
12784	0.0323232
12785	0.104204
12786	0.295777
12787	0.262601
12788	-0.0320766
12789	-0.349522
12790	-0.59216
12791	-0.821787
12792	-0.9031
12793	-0.809102
12794	-0.778529
12795	-0.840326
12796	-0.74145
12797	-0.504992
12798	-0.265282
12799	-0.0291494
12800	0.179662
12801	0.259674
12802	0.109408
12803	-0.0616745
12804	-0.151444
12805	-0.220397
12806	-0.379445
12807	-0.447097
12808	-0.544673
12809	-0.638671
12810	-0.576222
12811	-0.383023
12812	-0.249345
12813	-0.196329
12814	-0.116317
12815	-0.0496402
12816	0.00240003
12817	0.0755816
12818	0.156244
12819	0.130874
12820	0.0882664
12821	0.119491
12822	0.177385
12823	0.205032
12824	0.240809
12825	0.28667
12826	0.380342
12827	0.481495
12828	0.613548
12829	0.807723
12830	0.95929
12831	1.0663
12832	1.2699
12833	1.40196
12834	1.58377
12835	1.76917
12836	1.7503
12837	1.11509
12838	0.343914
12839	0.0235414
12840	-0.380746
12841	-0.589883
12842	-0.620457
12843	-0.787311
12844	-1.08979
12845	-1.05759
12846	-0.628588
12847	-0.176488
12848	0.0485857
12849	0.245363
12850	0.278864
12851	0.111685
12852	0.119816
12853	0.172507
12854	0.0163858
12855	-0.349847
12856	-0.675099
12857	-0.91611
12858	-1.08589
12859	-1.04881
12860	-0.817234
12861	-0.677701
12862	-0.612
12863	-0.427582
12864	-0.172911
12865	0.050212
12866	0.268781
12867	0.408639
12868	0.340662
12869	0.109408
12870	-0.147216
12871	-0.369362
12872	-0.668268
12873	-0.730717
12874	-0.738198
12875	-0.733969
12876	-0.642899
12877	-0.468239
12878	-0.284147
12879	-0.104933
12880	0.0105313
12881	0.0804604
12882	0.0531393
12883	-0.0151635
12884	0.00532729
12885	-0.0171151
12886	-0.0122363
12887	-0.0148383
12888	-0.00377975
12889	0.0267939
12890	0.0941209
12891	0.205357
12892	0.31952
12893	0.43596
12894	0.554027
12895	0.678923
12896	0.860739
12897	1.02824
12898	1.15054
12899	1.26503
12900	1.36716
12901	1.50636
12902	1.6254
12903	1.80364
12904	1.44977
12905	0.410265
12906	-0.0847674
12907	-0.375217
12908	-0.695915
12909	-0.632491
12910	-0.619806
12911	-0.842278
12912	-1.00588
12913	-0.704371
12914	-0.0958259
12915	0.186167
12916	0.31952
12917	0.404086
12918	0.145511
12919	-0.0795633
12920	-0.0899714
12921	-0.134856
12922	-0.434738
12923	-0.807801
12924	-1.04036
12925	-1.12395
12926	-1.11191
12927	-0.796092
12928	-0.467263
12929	-0.343993
12930	-0.252272
12931	-0.0590725
12932	0.13185
12933	0.265528
12934	0.352045
12935	0.285044
12936	0.00923031
12937	-0.324152
12938	-0.498487
12939	-0.667943
12940	-0.929445
12941	-0.849434
12942	-0.707624
12943	-0.609398
12944	-0.356027
12945	-0.100054
12946	0.00597779
12947	0.0459837
12948	0.0635473
12949	0.06062
12950	-0.0789128
12951	-0.166405
12952	-0.151444
12953	-0.194702
12954	-0.17909
12955	-0.119569
12956	-0.0441109
12957	0.0306969
12958	0.152341
12959	0.30586
12960	0.370585
12961	0.464257
12962	0.625257
12963	0.740396
12964	0.86269
12965	0.975878
12966	1.09362
12967	1.12159
12968	1.13948
12969	1.27316
12970	1.45432
12971	1.6163
12972	1.7464
12973	1.12647
12974	0.0547655
12975	-0.218446
12976	-0.546624
12977	-0.649079
12978	-0.511172
12979	-0.549226
12980	-0.842929
12981	-0.89627
12982	-0.488404
12983	0.106806
12984	0.240159
12985	0.355948
12986	0.281141
12987	-0.118268
12988	-0.273738
12989	-0.267233
12990	-0.345619
12991	-0.652331
12992	-0.959043
12993	-1.06768
12994	-1.10573
12995	-0.970102
12996	-0.52776
12997	-0.258126
12998	-0.185595
12999	-0.105909
13000	0.0219151
13001	0.122743
13002	0.188444
13003	0.212187
13004	0.103878
13005	-0.21747
13006	-0.459132
13007	-0.53459
13008	-0.641598
13009	-0.880658
13010	-0.791214
13011	-0.587281
13012	-0.508895
13013	-0.261379
13014	-0.00605651
13015	-0.00280399
13016	-0.0590725
13017	-0.0226443
13018	-0.0421594
13019	-0.182343
13020	-0.27569
13021	-0.220397
13022	-0.280894
13023	-0.240888
13024	-0.0668785
13025	0.0547655
13026	0.123719
13027	0.249591
13028	0.365055
13029	0.413518
13030	0.486374
13031	0.674044
13032	0.742022
13033	0.773896
13034	0.906274
13035	0.99897
13036	1.02434
13037	1.11509
13038	1.22795
13039	1.36488
13040	1.5545
13041	1.75453
13042	1.57402
13043	0.433033
13044	-0.184294
13045	-0.377494
13046	-0.780805
13047	-0.618505
13048	-0.525808
13049	-0.698842
13050	-0.908304
13051	-0.697541
13052	-0.0776118
13053	0.207959
13054	0.264227
13055	0.398556
13056	0.0355757
13057	-0.309516
13058	-0.371314
13059	-0.401888
13060	-0.627287
13061	-0.899522
13062	-1.0384
13063	-1.04393
13064	-1.05597
13065	-0.65786
13066	-0.25032
13067	-0.112414
13068	-0.0454119
13069	0.0443575
13070	0.0791594
13071	0.0837129
13072	0.101276
13073	0.0700523
13074	-0.164779
13075	-0.427908
13076	-0.546299
13077	-0.627937
13078	-0.747305
13079	-0.795117
13080	-0.513124
13081	-0.410344
13082	-0.262029
13083	-0.0392322
13084	0.0443575
13085	-0.050616
13086	-0.0613493
13087	-0.0561452
13088	-0.166405
13089	-0.308215
13090	-0.284147
13091	-0.264306
13092	-0.2565
13093	-0.107535
13094	0.0681008
13095	0.115262
13096	0.19007
13097	0.292199
13098	0.364405
13099	0.393352
13100	0.493855
13101	0.606717
13102	0.618101
13103	0.684127
13104	0.776824
13105	0.877652
13106	0.997344
13107	1.06142
13108	1.15249
13109	1.24974
13110	1.37951
13111	1.64232
13112	1.82641
13113	1.30763
13114	0.177385
13115	-0.266583
13116	-0.653307
13117	-0.881959
13118	-0.635093
13119	-0.510522
13120	-0.730066
13121	-0.808452
13122	-0.504342
13123	0.0199636
13124	0.172181
13125	0.36473
13126	0.369609
13127	-0.0968017
13128	-0.439617
13129	-0.537192
13130	-0.638345
13131	-0.804224
13132	-0.916435
13133	-0.951562
13134	-1.01791
13135	-0.926843
13136	-0.485802
13137	-0.134206
13138	0.00532729
13139	0.110058
13140	0.105179
13141	0.00825456
13142	-0.0408584
13143	-0.0236201
13144	-0.0769613
13145	-0.281544
13146	-0.464986
13147	-0.564839
13148	-0.803898
13149	-0.779504
13150	-0.521905
13151	-0.360906
13152	-0.227228
13153	-0.0974522
13154	-0.0515917
13155	-0.0841169
13156	-0.0811896
13157	-0.0190666
13158	-0.137783
13159	-0.283821
13160	-0.302035
13161	-0.316346
13162	-0.254549
13163	-0.0951754
13164	0.0485857
13165	0.112986
13166	0.140957
13167	0.230076
13168	0.301631
13169	0.356274
13170	0.458403
13171	0.520526
13172	0.544269
13173	0.620053
13174	0.682176
13175	0.764464
13176	0.863015
13177	0.981082
13178	1.04418
13179	1.09037
13180	1.21168
13181	1.38472
13182	1.56361
13183	1.74933
13184	1.50409
13185	0.348468
13186	-0.28187
13187	-0.602242
13188	-0.958068
13189	-0.723236
13190	-0.506944
13191	-0.587931
13192	-0.713804
13193	-0.567115
13194	-0.0724078
13195	0.133802
13196	0.278864
13197	0.407663
13198	-0.0271979
13199	-0.467263
13200	-0.665992
13201	-0.759339
13202	-0.849108
13203	-0.886512
13204	-0.863419
13205	-0.879682
13206	-0.888789
13207	-0.517677
13208	-0.139735
13209	0.0385029
13210	0.156569
13211	0.143884
13212	-0.013212
13213	-0.144939
13214	-0.191125
13215	-0.166405
13216	-0.294229
13217	-0.428233
13218	-0.555081
13219	-0.768771
13220	-0.744052
13221	-0.518328
13222	-0.294555
13223	-0.12022
13224	-0.0489897
13225	-0.049315
13226	-0.105909
13227	-0.144288
13228	-0.116642
13229	-0.169983
13230	-0.267884
13231	-0.316672
13232	-0.328381
13233	-0.249995
13234	-0.0981027
13235	0.0586685
13236	0.159496
13237	0.192022
13238	0.233329
13239	0.271708
13240	0.32635
13241	0.432382
13242	0.479869
13243	0.525404
13244	0.588828
13245	0.639893
13246	0.731289
13247	0.837321
13248	0.924163
13249	0.99214
13250	1.05849
13251	1.17428
13252	1.30503
13253	1.46961
13254	1.67257
13255	1.6885
13256	0.912454
13257	-0.112739
13258	-0.419776
13259	-0.936601
13260	-0.922615
13261	-0.619481
13262	-0.498162
13263	-0.632491
13264	-0.569392
13265	-0.272763
13266	0.0648483
13267	0.136078
13268	0.391076
13269	0.206983
13270	-0.300084
13271	-0.614927
13272	-0.800646
13273	-0.945057
13274	-0.93595
13275	-0.853662
13276	-0.735596
13277	-0.782757
13278	-0.593135
13279	-0.244141
13280	-0.0437857
13281	0.110058
13282	0.213488
13283	0.0840381
13284	-0.116642
13285	-0.263005
13286	-0.305288
13287	-0.355377
13288	-0.413597
13289	-0.400912
13290	-0.483526
13291	-0.707949
13292	-0.587281
13293	-0.355377
13294	-0.209664
13295	-0.0249211
13296	0.0531393
13297	-0.0496402
13298	-0.169007
13299	-0.151769
13300	-0.0994037
13301	-0.1921
13302	-0.274389
13303	-0.269185
13304	-0.300734
13305	-0.215518
13306	0.00695355
13307	0.145836
13308	0.186492
13309	0.219668
13310	0.254145
13311	0.252193
13312	0.299029
13313	0.410265
13314	0.458728
13315	0.466534
13316	0.535162
13317	0.604766
13318	0.66819
13319	0.778775
13320	0.922211
13321	0.975552
13322	1.02922
13323	1.16647
13324	1.27348
13325	1.42277
13326	1.60069
13327	1.66411
13328	1.11216
13329	0.0118323
13330	-0.416849
13331	-0.858215
13332	-1.03906
13333	-0.692988
13334	-0.454904
13335	-0.512798
13336	-0.478322
13337	-0.281219
13338	0.0313474
13339	0.0853392
13340	0.317243
13341	0.30033
13342	-0.184945
13343	-0.562887
13344	-0.802923
13345	-0.996122
13346	-0.988966
13347	-0.853011
13348	-0.67087
13349	-0.662414
13350	-0.55378
13351	-0.25585
13352	-0.0811896
13353	0.0641978
13354	0.205357
13355	0.11266
13356	-0.0886704
13357	-0.278617
13358	-0.380421
13359	-0.434087
13360	-0.442544
13361	-0.380421
13362	-0.394081
13363	-0.571018
13364	-0.464986
13365	-0.31407
13366	-0.186246
13367	-0.00443025
13368	0.0703776
13369	-0.0343534
13370	-0.150793
13371	-0.189498
13372	-0.154371
13373	-0.21064
13374	-0.187872
13375	-0.167381
13376	-0.235359
13377	-0.186246
13378	-0.0548442
13379	0.0306969
13380	0.110709
13381	0.182264
13382	0.231702
13383	0.220319
13384	0.248941
13385	0.342613
13386	0.3901
13387	0.432057
13388	0.511744
13389	0.535487
13390	0.537439
13391	0.607368
13392	0.715676
13393	0.802519
13394	0.920585
13395	1.02629
13396	1.08093
13397	1.14501
13398	1.30341
13399	1.44456
13400	1.53564
13401	1.29105
13402	0.39075
13403	-0.332934
13404	-0.726163
13405	-1.0615
13406	-0.843579
13407	-0.516376
13408	-0.415873
13409	-0.393756
13410	-0.314395
13411	-0.102981
13412	0.00467679
13413	0.142909
13414	0.283743
13415	-0.014513
13416	-0.414247
13417	-0.698517
13418	-0.959043
13419	-1.01661
13420	-0.894969
13421	-0.707624
13422	-0.590208
13423	-0.526784
13424	-0.322526
13425	-0.147541
13426	-0.0268726
13427	0.144535
13428	0.145511
13429	-0.0151635
13430	-0.211941
13431	-0.390504
13432	-0.483526
13433	-0.492958
13434	-0.408393
13435	-0.375542
13436	-0.463685
13437	-0.400912
13438	-0.323177
13439	-0.192751
13440	-0.0138625
13441	0.0622463
13442	0.0118323
13443	-0.10168
13444	-0.196003
13445	-0.226577
13446	-0.254549
13447	-0.192751
13448	-0.169983
13449	-0.191125
13450	-0.156973
13451	-0.0746846
13452	-0.00540601
13453	0.101276
13454	0.175434
13455	0.212187
13456	0.201129
13457	0.226173
13458	0.285044
13459	0.331555
13460	0.391726
13461	0.449621
13462	0.458403
13463	0.492554
13464	0.556303
13465	0.645747
13466	0.747551
13467	0.843175
13468	0.932619
13469	1.02109
13470	1.08614
13471	1.19445
13472	1.33918
13473	1.48034
13474	1.44261
13475	0.81065
13476	-0.0756603
13477	-0.501089
13478	-0.970752
13479	-0.992544
13480	-0.653632
13481	-0.445146
13482	-0.397009
13483	-0.311142
13484	-0.175513
13485	-0.050616
13486	0.0072788
13487	0.229426
13488	0.128272
13489	-0.237636
13490	-0.524507
13491	-0.808127
13492	-1.02312
13493	-0.96815
13494	-0.800971
13495	-0.630539
13496	-0.549877
13497	-0.37229
13498	-0.200232
13499	-0.116317
13500	0.0414302
13501	0.15104
13502	0.0511877
13503	-0.0912724
13504	-0.25032
13505	-0.390829
13506	-0.494259
13507	-0.432136
13508	-0.343342
13509	-0.343342
13510	-0.39278
13511	-0.331633
13512	-0.289351
13513	-0.19145
13514	-0.0340281
13515	0.0323232
13516	-0.0522422
13517	-0.140711
13518	-0.196654
13519	-0.233082
13520	-0.234058
13521	-0.165104
13522	-0.145264
13523	-0.171935
13524	-0.134856
13525	-0.06883
13526	-0.0161393
13527	0.0811109
13528	0.177711
13529	0.20243
13530	0.201454
13531	0.217066
13532	0.233003
13533	0.276587
13534	0.359526
13535	0.426853
13536	0.455475
13537	0.490277
13538	0.537439
13539	0.617125
13540	0.716002
13541	0.834393
13542	0.936847
13543	0.995718
13544	1.06174
13545	1.15867
13546	1.266
13547	1.41952
13548	1.45692
13549	0.9079
13550	0.0319979
13551	-0.417174
13552	-0.956116
13553	-1.02442
13554	-0.714454
13555	-0.434738
13556	-0.344643
13557	-0.26886
13558	-0.162177
13559	-0.0902966
13560	-0.0750098
13561	0.195274
13562	0.142258
13563	-0.148191
13564	-0.423679
13565	-0.738198
13566	-1.01108
13567	-1.00848
13568	-0.840977
13569	-0.626636
13570	-0.520279
13571	-0.318298
13572	-0.188848
13573	-0.145915
13574	-0.00540601
13575	0.122743
13576	0.0700523
13577	-0.0304504
13578	-0.189824
13579	-0.339114
13580	-0.501089
13581	-0.475069
13582	-0.360255
13583	-0.3209
13584	-0.343993
13585	-0.302361
13586	-0.279918
13587	-0.229179
13588	-0.0847674
13589	0.0336242
13590	-0.011911
13591	-0.0863936
13592	-0.142337
13593	-0.210314
13594	-0.248369
13595	-0.195353
13596	-0.164129
13597	-0.173886
13598	-0.149818
13599	-0.0873694
13600	-0.0395574
13601	0.0398039
13602	0.13185
13603	0.179337
13604	0.18324
13605	0.213488
13606	0.242761
13607	0.25512
13608	0.297078
13609	0.372211
13610	0.413843
13611	0.454825
13612	0.524754
13613	0.590455
13614	0.658107
13615	0.758284
13616	0.851306
13617	0.914405
13618	0.993116
13619	1.10435
13620	1.20843
13621	1.34276
13622	1.44587
13623	1.19217
13624	0.394653
13625	-0.218446
13626	-0.673147
13627	-1.0358
13628	-0.876429
13629	-0.573946
13630	-0.437665
13631	-0.325779
13632	-0.21812
13633	-0.111438
13634	-0.0886704
13635	0.0710281
13636	0.215114
13637	0.0157353
13638	-0.243165
13639	-0.507269
13640	-0.860492
13641	-1.00198
13642	-0.943756
13643	-0.756086
13644	-0.585655
13645	-0.423354
13646	-0.225601
13647	-0.172585
13648	-0.103957
13649	0.0573675
13650	0.0791594
13651	0.0443575
13652	-0.0502907
13653	-0.201207
13654	-0.362207
13655	-0.472142
13656	-0.445146
13657	-0.346595
13658	-0.298458
13659	-0.263005
13660	-0.253573
13661	-0.232106
13662	-0.177139
13663	-0.0756603
13664	-0.00605651
13665	-0.0301251
13666	-0.109812
13667	-0.168682
13668	-0.236335
13669	-0.247718
13670	-0.190474
13671	-0.153721
13672	-0.14624
13673	-0.121846
13674	-0.0987532
13675	-0.0489897
13676	0.0170363
13677	0.0928199
13678	0.1312
13679	0.151365
13680	0.180963
13681	0.206333
13682	0.232678
13683	0.284393
13684	0.335458
13685	0.366356
13686	0.414168
13687	0.470112
13688	0.512394
13689	0.590455
13690	0.68803
13691	0.769343
13692	0.854559
13693	0.902371
13694	0.990514
13695	1.09557
13696	1.21299
13697	1.37529
13698	1.26958
13699	0.674044
13700	0.00142427
13701	-0.47019
13702	-0.900173
13703	-0.914484
13704	-0.668594
13705	-0.477346
13706	-0.374566
13707	-0.269185
13708	-0.175513
13709	-0.131278
13710	-0.0206928
13711	0.179662
13712	0.109083
13713	-0.0915976
13714	-0.32773
13715	-0.65103
13716	-0.906353
13717	-0.934975
13718	-0.816583
13719	-0.66404
13720	-0.512148
13721	-0.32708
13722	-0.245116
13723	-0.175513
13724	-0.0255716
13725	0.0785089
13726	0.0843634
13727	0.0466342
13728	-0.0772866
13729	-0.246417
13730	-0.383673
13731	-0.405465
13732	-0.389853
13733	-0.339114
13734	-0.289025
13735	-0.290977
13736	-0.262029
13737	-0.206411
13738	-0.144288
13739	-0.0613493
13740	-0.0281736
13741	-0.0528927
13742	-0.111438
13743	-0.173886
13744	-0.196979
13745	-0.205436
13746	-0.174537
13747	-0.14624
13748	-0.160876
13749	-0.130628
13750	-0.0909471
13751	-0.0460624
13752	0.0414302
13753	0.114937
13754	0.155593
13755	0.17088
13756	0.184216
13757	0.213813
13758	0.235605
13759	0.284068
13760	0.339361
13761	0.35855
13762	0.38392
13763	0.40994
13764	0.463281
13765	0.550123
13766	0.643796
13767	0.736493
13768	0.788533
13769	0.840248
13770	0.944328
13771	1.03768
13772	1.13102
13773	1.25624
13774	1.18729
13775	0.724458
13776	0.113636
13777	-0.307239
13778	-0.711852
13779	-0.815933
13780	-0.665666
13781	-0.511823
13782	-0.428883
13783	-0.323502
13784	-0.233082
13785	-0.169983
13786	-0.0795633
13787	0.11266
13788	0.0996502
13789	-0.0450867
13790	-0.228529
13791	-0.497186
13792	-0.750882
13793	-0.826341
13794	-0.782106
13795	-0.674448
13796	-0.557032
13797	-0.399936
13798	-0.300084
13799	-0.222999
13800	-0.0912724
13801	0.0264686
13802	0.0632221
13803	0.0729796
13804	0.00955556
13805	-0.112739
13806	-0.247068
13807	-0.311793
13808	-0.344643
13809	-0.351148
13810	-0.320249
13811	-0.321225
13812	-0.311468
13813	-0.259753
13814	-0.196003
13815	-0.108185
13816	-0.0441109
13817	-0.0271979
13818	-0.0463877
13819	-0.0961512
13820	-0.128026
13821	-0.157624
13822	-0.17226
13823	-0.150793
13824	-0.158925
13825	-0.143963
13826	-0.106234
13827	-0.0704563
13828	0.00044852
13829	0.0723291
13830	0.129899
13831	0.171206
13832	0.186818
13833	0.214464
13834	0.230401
13835	0.251217
13836	0.297728
13837	0.315617
13838	0.335458
13839	0.37156
13840	0.405061
13841	0.479544
13842	0.556303
13843	0.651277
13844	0.749177
13845	0.807397
13846	0.903997
13847	0.998645
13848	1.06337
13849	1.15899
13850	1.21949
13851	0.967746
13852	0.413518
13853	-0.0359796
13854	-0.45035
13855	-0.764868
13856	-0.757062
13857	-0.629889
13858	-0.531988
13859	-0.435714
13860	-0.321876
13861	-0.246417
13862	-0.189173
13863	-0.0239453
13864	0.0915189
13865	0.0420807
13866	-0.0421594
13867	-0.224951
13868	-0.49621
13869	-0.687458
13870	-0.759014
13871	-0.727789
13872	-0.655258
13873	-0.531012
13874	-0.389528
13875	-0.321876
13876	-0.220072
13877	-0.0831411
13878	-0.0034545
13879	0.0736301
13880	0.102252
13881	0.051513
13882	-0.0525675
13883	-0.162828
13884	-0.245442
13885	-0.332284
13886	-0.367086
13887	-0.377168
13888	-0.386275
13889	-0.343017
13890	-0.279918
13891	-0.193076
13892	-0.0971269
13893	-0.0337029
13894	0.00174953
13895	-0.00735751
13896	-0.0428099
13897	-0.0802138
13898	-0.12705
13899	-0.141036
13900	-0.155347
13901	-0.158925
13902	-0.130303
13903	-0.0948502
13904	-0.0431352
13905	0.0290706
13906	0.0853392
13907	0.136404
13908	0.171531
13909	0.201779
13910	0.230076
13911	0.247965
13912	0.278864
13913	0.30586
13914	0.330253
13915	0.376439
13916	0.411241
13917	0.452548
13918	0.522802
13919	0.588178
13920	0.650301
13921	0.719254
13922	0.79764
13923	0.884157
13924	0.971324
13925	1.09557
13926	1.18339
13927	1.08256
13928	0.725109
13929	0.218367
13930	-0.190799
13931	-0.562887
13932	-0.713153
13933	-0.677376
13934	-0.612325
13935	-0.5476
13936	-0.473443
13937	-0.416524
13938	-0.311142
13939	-0.18527
13940	-0.00377975
13941	0.0755816
13942	0.0570423
13943	-0.0320766
13944	-0.221373
13945	-0.445146
13946	-0.571994
13947	-0.648103
13948	-0.653307
13949	-0.622733
13950	-0.551178
13951	-0.477346
13952	-0.390504
13953	-0.267559
13954	-0.125424
13955	-0.0171151
13956	0.0837129
13957	0.116889
13958	0.0876159
13959	0.0209394
13960	-0.0616745
13961	-0.148517
13962	-0.241539
13963	-0.30789
13964	-0.358629
13965	-0.410344
13966	-0.382372
13967	-0.337162
13968	-0.261379
13969	-0.159575
13970	-0.0811896
13971	-0.0317514
13972	-0.000852486
13973	-0.00865852
13974	-0.0219938
13975	-0.061024
13976	-0.0902966
13977	-0.115016
13978	-0.139735
13979	-0.131604
13980	-0.113064
13981	-0.0805391
13982	-0.0151635
13983	0.0433817
13984	0.104529
13985	0.15104
13986	0.191696
13987	0.233003
13988	0.254795
13989	0.28667
13990	0.317894
13991	0.343914
13992	0.381643
13993	0.408639
13994	0.431732
13995	0.471087
13996	0.51337
13997	0.567037
13998	0.634364
13999	0.702992
14000	0.783654
14001	0.881229
14002	0.970348
14003	1.05199
14004	1.05459
14005	0.785606
14006	0.356599
14007	-0.000852486
14008	-0.374241
14009	-0.595087
14010	-0.62501
14011	-0.60582
14012	-0.576222
14013	-0.536867
14014	-0.494259
14015	-0.412621
14016	-0.316021
14017	-0.129652
14018	0.000123269
14019	0.0326484
14020	0.0170363
14021	-0.10168
14022	-0.282845
14023	-0.410019
14024	-0.500764
14025	-0.537517
14026	-0.551178
14027	-0.530362
14028	-0.500439
14029	-0.465637
14030	-0.375217
14031	-0.245116
14032	-0.126074
14033	0.00337578
14034	0.0817614
14035	0.101276
14036	0.0794846
14037	0.0313474
14038	-0.0271979
14039	-0.100379
14040	-0.19145
14041	-0.271462
14042	-0.353425
14043	-0.387251
14044	-0.373591
14045	-0.324478
14046	-0.241864
14047	-0.161201
14048	-0.0961512
14049	-0.0389069
14050	-0.00833327
14051	0.0108566
14052	0.00988081
14053	-0.00833327
14054	-0.0359796
14055	-0.06883
14056	-0.0896461
14057	-0.0964764
14058	-0.0779371
14059	-0.0307756
14060	0.0154101
14061	0.0710281
14062	0.123394
14063	0.164375
14064	0.200478
14065	0.227149
14066	0.264227
14067	0.300656
14068	0.326676
14069	0.359526
14070	0.379692
14071	0.401158
14072	0.431081
14073	0.458077
14074	0.489952
14075	0.53256
14076	0.582323
14077	0.646398
14078	0.702016
14079	0.775523
14080	0.853583
14081	0.90725
14082	0.916357
14083	0.688681
14084	0.330579
14085	0.0453332
14086	-0.286749
14087	-0.4832
14088	-0.531012
14089	-0.546299
14090	-0.546299
14091	-0.546299
14092	-0.527109
14093	-0.465637
14094	-0.395383
14095	-0.229504
14096	-0.107535
14097	-0.0502907
14098	-0.0262221
14099	-0.0951754
14100	-0.207062
14101	-0.296181
14102	-0.378469
14103	-0.412946
14104	-0.441243
14105	-0.449049
14106	-0.44417
14107	-0.439942
14108	-0.387902
14109	-0.30106
14110	-0.212916
14111	-0.10103
14112	-0.0239453
14113	0.0215899
14114	0.0427312
14115	0.0287454
14116	-0.004105
14117	-0.0613493
14118	-0.123798
14119	-0.194377
14120	-0.259102
14121	-0.299433
14122	-0.305938
14123	-0.290001
14124	-0.235684
14125	-0.180066
14126	-0.12087
14127	-0.0698058
14128	-0.0353291
14129	-0.00995953
14130	0.0079293
14131	0.0066283
14132	0.00402629
14133	-0.0112605
14134	-0.0200423
14135	-0.0284989
14136	-0.0177656
14137	0.00630305
14138	0.0352504
14139	0.0726543
14140	0.113311
14141	0.13868
14142	0.173157
14143	0.204381
14144	0.232678
14145	0.263577
14146	0.295777
14147	0.319845
14148	0.341637
14149	0.360502
14150	0.380667
14151	0.392702
14152	0.424902
14153	0.460029
14154	0.493855
14155	0.541667
14156	0.596634
14157	0.646723
14158	0.710472
14159	0.765765
14160	0.793412
14161	0.664937
14162	0.379692
14163	0.13185
14164	-0.141036
14165	-0.351799
14166	-0.43116
14167	-0.463035
14168	-0.480924
14169	-0.500439
14170	-0.516051
14171	-0.481899
14172	-0.439942
14173	-0.322851
14174	-0.192751
14175	-0.116967
14176	-0.0626503
14177	-0.0743593
14178	-0.143963
14179	-0.199581
14180	-0.257476
14181	-0.283496
14182	-0.303662
14183	-0.3209
14184	-0.326429
14185	-0.343342
14186	-0.337162
14187	-0.286749
14188	-0.231131
14189	-0.143313
14190	-0.0655775
14191	-0.0122363
14192	0.0284201
14193	0.0407797
14194	0.0316727
14195	0.0225656
14196	-0.0363049
14197	-0.0815148
14198	-0.121196
14199	-0.165755
14200	-0.182668
14201	-0.178115
14202	-0.160226
14203	-0.126074
14204	-0.0961512
14205	-0.0467129
14206	-0.014513
14207	0.00760405
14208	0.0345999
14209	0.0378524
14210	0.0264686
14211	0.0310222
14212	0.0219151
14213	0.0212646
14214	0.0323232
14215	0.0479352
14216	0.0635473
14217	0.0804604
14218	0.102903
14219	0.122418
14220	0.126321
14221	0.156569
14222	0.179662
14223	0.202104
14224	0.230401
14225	0.253169
14226	0.270732
14227	0.287971
14228	0.300005
14229	0.320821
14230	0.336108
14231	0.347167
14232	0.368633
14233	0.394653
14234	0.419698
14235	0.456126
14236	0.503287
14237	0.550449
14238	0.588828
14239	0.627859
14240	0.608669
14241	0.444742
14242	0.224222
14243	0.0394787
14244	-0.169983
14245	-0.304312
14246	-0.360581
14247	-0.397009
14248	-0.426607
14249	-0.462059
14250	-0.482875
14251	-0.473118
14252	-0.434087
14253	-0.338789
14254	-0.246092
14255	-0.181692
14256	-0.143963
14257	-0.148191
14258	-0.181367
14259	-0.201207
14260	-0.224951
14261	-0.228854
14262	-0.232757
14263	-0.244141
14264	-0.255199
14265	-0.268209
14266	-0.267884
14267	-0.23666
14268	-0.200557
14269	-0.148842
14270	-0.0990784
14271	-0.0655775
14272	-0.0502907
14273	-0.0457372
14274	-0.0535432
14275	-0.0698058
14276	-0.0828159
14277	-0.0844421
14278	-0.0906219
14279	-0.0899714
14280	-0.0889956
14281	-0.0909471
14282	-0.0798886
14283	-0.0633008
14284	-0.0437857
14285	-0.0304504
14286	-0.0184161
14287	-0.00605651
14288	-0.00865852
14289	-0.0115858
14290	0.00174953
14291	0.00695355
14292	0.0222404
14293	0.0433817
14294	0.0511877
14295	0.0589938
14296	0.0677756
14297	0.0742806
14298	0.0863149
14299	0.0989997
14300	0.11884
14301	0.134777
14302	0.149739
14303	0.178361
14304	0.201454
14305	0.210561
14306	0.237232
14307	0.254795
14308	0.268456
14309	0.292199
14310	0.306835
14311	0.323748
14312	0.347492
14313	0.374813
14314	0.40311
14315	0.432708
14316	0.463932
14317	0.489627
14318	0.511093
14319	0.535812
14320	0.466534
14321	0.288296
14322	0.13868
14323	-0.0376059
14324	-0.195353
14325	-0.271787
14326	-0.32155
14327	-0.35993
14328	-0.388552
14329	-0.43799
14330	-0.444495
14331	-0.437665
14332	-0.392455
14333	-0.307565
14334	-0.238937
14335	-0.188848
14336	-0.163803
14337	-0.175838
14338	-0.181367
14339	-0.195353
14340	-0.199581
14341	-0.185921
14342	-0.189824
14343	-0.193727
14344	-0.201533
14345	-0.219421
14346	-0.207712
14347	-0.19145
14348	-0.162502
14349	-0.124448
14350	-0.0948502
14351	-0.0805391
14352	-0.0655775
14353	-0.0639513
14354	-0.05582
14355	-0.062325
14356	-0.0590725
14357	-0.0574462
14358	-0.0655775
14359	-0.0691553
14360	-0.064927
14361	-0.0672038
14362	-0.0525675
14363	-0.0421594
14364	-0.0353291
14365	-0.0275231
14366	-0.0278484
14367	-0.0288241
14368	-0.0174403
14369	-0.00703226
14370	0.00467679
14371	0.0121576
14372	0.0212646
14373	0.0271191
14374	0.0359009
14375	0.0537898
14376	0.0690766
14377	0.0811109
14378	0.0947714
14379	0.099325
14380	0.105505
14381	0.116889
14382	0.130549
14383	0.151365
14384	0.172181
14385	0.189094
14386	0.202755
14387	0.213488
14388	0.222595
14389	0.235605
14390	0.251217
14391	0.266829
14392	0.277888
14393	0.286345
14394	0.29285
14395	0.301631
14396	0.316593
14397	0.33806
14398	0.362453
14399	0.397581
14400	0.379692
14401	0.258373
14402	0.132175
14403	-0.0112605
14404	-0.182668
14405	-0.268209
14406	-0.301385
14407	-0.324478
14408	-0.316346
14409	-0.323502
14410	-0.330007
14411	-0.341391
14412	-0.326754
14413	-0.270811
14414	-0.225601
14415	-0.186571
14416	-0.151444
14417	-0.160226
14418	-0.169333
14419	-0.175838
14420	-0.182343
14421	-0.169333
14422	-0.160551
14423	-0.155347
14424	-0.148517
14425	-0.158274
14426	-0.151769
14427	-0.138109
14428	-0.122822
14429	-0.100705
14430	-0.0743593
14431	-0.0646018
14432	-0.0467129
14433	-0.0424847
14434	-0.0359796
14435	-0.0392322
14436	-0.0496402
14437	-0.0483392
14438	-0.0528927
14439	-0.0522422
14440	-0.0405332
14441	-0.0421594
14442	-0.0350039
14443	-0.0275231
14444	-0.0271979
14445	-0.0203676
14446	-0.0177656
14447	-0.0167898
14448	-0.0102848
14449	-0.00963428
14450	-0.000527234
14451	0.0066283
14452	0.0134586
14453	0.0274444
14454	0.0323232
14455	0.0404544
14456	0.051513
14457	0.0563918
14458	0.0648483
14459	0.0759069
14460	0.0833876
14461	0.0954219
14462	0.103228
14463	0.113311
14464	0.124695
14465	0.139656
14466	0.149414
14467	0.15787
14468	0.166652
14469	0.173482
14470	0.179987
14471	0.192347
14472	0.202755
14473	0.210886
14474	0.218367
14475	0.222921
14476	0.227474
14477	0.232678
14478	0.239183
14479	0.24829
14480	0.264553
14481	0.280165
14482	0.269757
14483	0.188119
14484	0.100951
14485	0.0196384
14486	-0.0668785
14487	-0.117293
14488	-0.132905
14489	-0.156648
14490	-0.175187
14491	-0.207062
14492	-0.22983
14493	-0.249345
14494	-0.251621
14495	-0.228203
14496	-0.203809
14497	-0.194702
14498	-0.17909
14499	-0.184294
14500	-0.180717
14501	-0.170634
14502	-0.15925
14503	-0.142337
14504	-0.130303
14505	-0.127375
14506	-0.124123
14507	-0.129652
14508	-0.125749
14509	-0.12022
14510	-0.11404
14511	-0.0990784
14512	-0.0899714
14513	-0.0824906
14514	-0.0704563
14515	-0.0633008
14516	-0.0567957
14517	-0.0616745
14518	-0.0577715
14519	-0.049315
14520	-0.0535432
14521	-0.0470382
14522	-0.0395574
14523	-0.0372806
14524	-0.0340281
14525	-0.0314261
14526	-0.0333776
14527	-0.0327271
14528	-0.0376059
14529	-0.0297999
14530	-0.0213433
14531	-0.0167898
14532	-0.00638176
14533	-0.00280399
14534	0.00272528
14535	0.00857981
14536	0.0137838
14537	0.0202889
14538	0.0245171
14539	0.0303717
14540	0.0398039
14541	0.046309
14542	0.0537898
14543	0.0612705
14544	0.0694018
14545	0.0772079
14546	0.0856644
14547	0.0996502
14548	0.11266
14549	0.12567
14550	0.136404
14551	0.141282
14552	0.146486
14553	0.155268
14554	0.163074
14555	0.169579
14556	0.174133
14557	0.179012
14558	0.190395
14559	0.194298
14560	0.203405
14561	0.214139
14562	0.220319
14563	0.233003
14564	0.239183
14565	0.203731
14566	0.135428
14567	0.0700523
14568	0.0111818
14569	-0.0408584
14570	-0.0659028
14571	-0.0860684
14572	-0.109486
14573	-0.136157
14574	-0.167056
14575	-0.186246
14576	-0.19763
14577	-0.195353
14578	-0.181692
14579	-0.175838
14580	-0.172911
14581	-0.167706
14582	-0.171935
14583	-0.164129
14584	-0.154046
14585	-0.141361
14586	-0.130628
14587	-0.127701
14588	-0.123798
14589	-0.125749
14590	-0.122822
14591	-0.111763
14592	-0.103632
14593	-0.0886704
14594	-0.0727331
14595	-0.0646018
14596	-0.0535432
14597	-0.0408584
14598	-0.0333776
14599	-0.0320766
14600	-0.0359796
14601	-0.0314261
14602	-0.0258968
14603	-0.0203676
14604	-0.00670701
14605	-0.000852486
14606	-0.000527234
14607	0.00532729
14608	0.00305053
14609	0.00597779
14610	0.0160606
14611	0.0225656
14612	0.0277696
14613	0.0319979
14614	0.0326484
14615	0.0381777
14616	0.042406
14617	0.0508625
14618	0.0583433
14619	0.0609453
14620	0.0645231
14621	0.0641978
14622	0.0622463
14623	0.0667998
14624	0.0720038
14625	0.0765574
14626	0.0794846
14627	0.0830624
14628	0.0846886
14629	0.0928199
14630	0.100301
14631	0.108757
14632	0.121117
14633	0.132501
14634	0.140307
14635	0.148113
14636	0.155593
14637	0.162424
14638	0.169254
14639	0.172507
14640	0.173808
14641	0.175434
14642	0.174458
14643	0.174458
14644	0.177711
14645	0.179337
14646	0.181614
14647	0.168278
14648	0.129899
14649	0.0755816
14650	0.0248424
14651	-0.0151635
14652	-0.0463877
14653	-0.0698058
14654	-0.0847674
14655	-0.107535
14656	-0.13323
14657	-0.15307
14658	-0.161527
14659	-0.171935
14660	-0.173886
14661	-0.17161
14662	-0.174212
14663	-0.177789
14664	-0.172585
14665	-0.168682
14666	-0.160551
14667	-0.151119
14668	-0.137458
14669	-0.131278
14670	-0.125424
14671	-0.121521
14672	-0.114365
14673	-0.104282
14674	-0.0886704
14675	-0.0795633
14676	-0.067529
14677	-0.0587472
14678	-0.0483392
14679	-0.0496402
14680	-0.0551695
14681	-0.0437857
14682	-0.0421594
14683	-0.0369554
14684	-0.0232948
14685	-0.0236201
14686	-0.0236201
14687	-0.0154888
14688	-0.0128868
14689	-0.0122363
14690	-0.0102848
14691	-0.00247874
14692	0.00305053
14693	0.00435154
14694	0.0128081
14695	0.0167111
14696	0.0173616
14697	0.0235414
14698	0.0277696
14699	0.0310222
14700	0.0326484
14701	0.0355757
14702	0.0368767
14703	0.0414302
14704	0.043707
14705	0.0524888
14706	0.0563918
14707	0.0570423
14708	0.0609453
14709	0.0671251
14710	0.0752564
14711	0.0846886
14712	0.0882664
14713	0.0947714
14714	0.0999755
14715	0.104529
14716	0.111685
14717	0.116889
14718	0.125345
14719	0.127297
14720	0.127622
14721	0.134777
14722	0.132826
14723	0.129248
14724	0.130874
14725	0.124369
14726	0.124695
14727	0.122418
14728	0.119165
14729	0.113636
14730	0.0915189
14731	0.061921
14732	0.0258181
14733	-0.0135373
14734	-0.0353291
14735	-0.0577715
14736	-0.0750098
14737	-0.0899714
14738	-0.109812
14739	-0.124448
14740	-0.138109
14741	-0.147216
14742	-0.145589
14743	-0.152094
14744	-0.150793
14745	-0.14624
14746	-0.149492
14747	-0.143313
14748	-0.132579
14749	-0.125749
14750	-0.111113
14751	-0.0997289
14752	-0.0938744
14753	-0.0867189
14754	-0.0818401
14755	-0.0746846
14756	-0.0668785
14757	-0.0593977
14758	-0.053218
14759	-0.0522422
14760	-0.0489897
14761	-0.0535432
14762	-0.064927
14763	-0.0593977
14764	-0.0616745
14765	-0.0567957
14766	-0.0470382
14767	-0.0512665
14768	-0.0535432
14769	-0.0496402
14770	-0.0496402
14771	-0.0415089
14772	-0.0418342
14773	-0.0311009
14774	-0.0249211
14775	-0.0219938
14776	-0.0154888
14777	-0.00833327
14778	-0.00800802
14779	0.00305053
14780	0.0072788
14781	0.0102061
14782	0.0160606
14783	0.0176868
14784	0.0228909
14785	0.0280949
14786	0.0326484
14787	0.0466342
14788	0.0492362
14789	0.058018
14790	0.0658241
14791	0.0762321
14792	0.0882664
14793	0.0989997
14794	0.107782
14795	0.115913
14796	0.118515
14797	0.123394
14798	0.132826
14799	0.139981
14800	0.149088
14801	0.152016
14802	0.15169
14803	0.152341
14804	0.15104
14805	0.153317
14806	0.151365
14807	0.148763
14808	0.150389
14809	0.145185
14810	0.140632
14811	0.135103
14812	0.123719
14813	0.099325
14814	0.0726543
14815	0.0381777
14816	0.0108566
14817	-0.0180908
14818	-0.0382564
14819	-0.0593977
14820	-0.0756603
14821	-0.0955007
14822	-0.115666
14823	-0.130953
14824	-0.135181
14825	-0.142337
14826	-0.138109
14827	-0.138109
14828	-0.13941
14829	-0.137133
14830	-0.131604
14831	-0.123147
14832	-0.109812
14833	-0.0974522
14834	-0.0850926
14835	-0.0837916
14836	-0.0769613
14837	-0.0727331
14838	-0.0659028
14839	-0.0590725
14840	-0.0515917
14841	-0.0476887
14842	-0.0457372
14843	-0.0528927
14844	-0.0613493
14845	-0.062325
14846	-0.057121
14847	-0.0499655
14848	-0.0385817
14849	-0.0327271
14850	-0.0333776
14851	-0.0294746
14852	-0.0258968
14853	-0.0219938
14854	-0.0180908
14855	-0.00768277
14856	-0.00117774
14857	0.00240003
14858	0.00597779
14859	0.0134586
14860	0.0144343
14861	0.0215899
14862	0.0277696
14863	0.0326484
14864	0.0362262
14865	0.0417555
14866	0.0417555
14867	0.0472847
14868	0.0511877
14869	0.055416
14870	0.0570423
14871	0.0576928
14872	0.0557413
14873	0.0746059
14874	0.0720038
14875	0.0934704
14876	0.0885917
14877	0.0973735
14878	0.0957472
14879	0.103878
14880	0.0989997
14881	0.10583
14882	0.108432
14883	0.099325
14884	0.108432
14885	0.100626
14886	0.0986745
14887	0.0921694
14888	0.0934704
14889	0.0830624
14890	0.0814361
14891	0.0759069
14892	0.0713533
14893	0.0602948
14894	0.052814
14895	0.0326484
14896	0.0118323
14897	-0.0148383
14898	-0.0457372
14899	-0.0727331
14900	-0.0955007
14901	-0.119569
14902	-0.137783
14903	-0.154696
14904	-0.168032
14905	-0.186571
14906	-0.192751
14907	-0.19828
14908	-0.198605
14909	-0.199581
14910	-0.192751
14911	-0.19145
14912	-0.183319
14913	-0.176163
14914	-0.16608
14915	-0.153721
14916	-0.142987
14917	-0.132579
14918	-0.125099
14919	-0.120545
14920	-0.109812
14921	-0.103307
14922	-0.0990784
14923	-0.0968017
14924	-0.100054
14925	-0.0994037
14926	-0.0948502
14927	-0.0880199
14928	-0.0821654
14929	-0.0717573
14930	-0.066228
14931	-0.0626503
14932	-0.0554947
14933	-0.0467129
14934	-0.0385817
14935	-0.0369554
14936	-0.0239453
14937	-0.0171151
14938	-0.00638176
14939	0.00370103
14940	0.0072788
14941	0.0111818
14942	0.0202889
14943	0.0238666
14944	0.0329737
14945	0.0414302
14946	0.0511877
14947	0.0599695
14948	0.0713533
14949	0.0804604
14950	0.0856644
14951	0.0954219
14952	0.104854
14953	0.110709
14954	0.120141
14955	0.127947
14956	0.138355
14957	0.152666
14958	0.153317
14959	0.160472
14960	0.159171
14961	0.162098
14962	0.162424
14963	0.164701
14964	0.172181
14965	0.167628
14966	0.174133
14967	0.167628
14968	0.162424
14969	0.153317
14970	0.144535
14971	0.136404
14972	0.124369
14973	0.125345
14974	0.109733
14975	0.105505
14976	0.0911937
14977	0.0794846
14978	0.0599695
14979	0.0316727
14980	0.00565254
14981	-0.0278484
14982	-0.0574462
14983	-0.0798886
14984	-0.0948502
14985	-0.108836
14986	-0.120545
14987	-0.134206
14988	-0.144288
14989	-0.151444
14990	-0.154696
14991	-0.15307
14992	-0.15242
14993	-0.148842
14994	-0.144614
14995	-0.143313
14996	-0.136808
14997	-0.1264
14998	-0.117293
14999	-0.109161
15000	-0.103632
15001	-0.0955007
15002	-0.0883451
15003	-0.0889956
15004	-0.0750098
15005	-0.0759856
15006	-0.0909471
15007	-0.0808643
15008	-0.0785876
15009	-0.0746846
15010	-0.0541937
15011	-0.0424847
15012	-0.0369554
15013	-0.0330524
15014	-0.0229696
15015	-0.0223191
15016	-0.0161393
15017	-0.00833327
15018	0.00630305
15019	0.00207478
15020	0.00923031
15021	0.0189879
15022	0.0196384
15023	0.0261434
15024	0.0372019
15025	0.0453332
15026	0.04761
15027	0.0547655
15028	0.0547655
15029	0.0576928
15030	0.0609453
15031	0.0794846
15032	0.0804604
15033	0.0846886
15034	0.0902179
15035	0.0996502
15036	0.106155
15037	0.116889
15038	0.121442
15039	0.119491
15040	0.125996
15041	0.126971
15042	0.132826
15043	0.12567
15044	0.132826
15045	0.128272
15046	0.126646
15047	0.126971
15048	0.11884
15049	0.112986
15050	0.109408
15051	0.0996502
15052	0.0963977
15053	0.0846886
15054	0.0804604
15055	0.0710281
15056	0.0583433
15057	0.045008
15058	0.0261434
15059	0.0111818
15060	-0.0047555
15061	-0.0245958
15062	-0.0512665
15063	-0.070131
15064	-0.0987532
15065	-0.117293
15066	-0.138109
15067	-0.147216
15068	-0.161201
15069	-0.169333
15070	-0.178765
15071	-0.181692
15072	-0.188197
15073	-0.181367
15074	-0.183319
15075	-0.177139
15076	-0.172585
15077	-0.162828
15078	-0.155997
15079	-0.146565
15080	-0.138759
15081	-0.126725
15082	-0.122822
15083	-0.115341
15084	-0.109812
15085	-0.102981
15086	-0.0994037
15087	-0.0990784
15088	-0.0915976
15089	-0.0834664
15090	-0.0841169
15091	-0.070131
15092	-0.0678543
15093	-0.0652523
15094	-0.0561452
15095	-0.0551695
15096	-0.0528927
15097	-0.051917
15098	-0.0467129
15099	-0.0402079
15100	-0.0350039
15101	-0.0206928
15102	-0.0102848
15103	-0.00865852
15104	0.00272528
15105	0.00825456
15106	0.00988081
15107	0.0193131
15108	0.0258181
15109	0.0336242
15110	0.0385029
15111	0.0459837
15112	0.050212
15113	0.0599695
15114	0.0651736
15115	0.0716786
15116	0.0762321
15117	0.0785089
15118	0.0788341
15119	0.0798099
15120	0.0889169
15121	0.0937957
15122	0.0911937
15123	0.0924947
15124	0.0944462
15125	0.0976987
15126	0.101602
15127	0.103878
15128	0.104529
15129	0.0989997
15130	0.100301
15131	0.0937957
15132	0.0863149
15133	0.0859897
15134	0.0863149
15135	0.0739553
15136	0.0681008
15137	0.056717
15138	0.0414302
15139	0.0313474
15140	0.0254929
15141	0.0163858
15142	0.00630305
15143	-0.00312925
15144	-0.0122363
15145	-0.0324019
15146	-0.0434604
15147	-0.053218
15148	-0.0619998
15149	-0.0707815
15150	-0.0782623
15151	-0.0902966
15152	-0.0951754
15153	-0.100705
15154	-0.0961512
15155	-0.0961512
15156	-0.0948502
15157	-0.0945249
15158	-0.0984279
15159	-0.0990784
15160	-0.0919229
15161	-0.0902966
15162	-0.0808643
15163	-0.0779371
15164	-0.0740341
15165	-0.0698058
15166	-0.0691553
15167	-0.061024
15168	-0.0486645
15169	-0.0411837
15170	-0.0327271
15171	-0.0311009
15172	-0.0314261
15173	-0.0245958
15174	-0.0193918
15175	-0.0109353
15176	-0.00995953
15177	-0.000852486
15178	0.0079293
15179	0.0102061
15180	0.0167111
15181	0.0199636
15182	0.0254929
15183	0.0329737
15184	0.0385029
15185	0.0479352
15186	0.0508625
15187	0.0570423
15188	0.0612705
15189	0.0645231
15190	0.0674503
15191	0.0700523
15192	0.0742806
15193	0.0772079
15194	0.0772079
15195	0.0824119
15196	0.0804604
15197	0.0872907
15198	0.0885917
15199	0.0902179
15200	0.0908684
15201	0.0846886
15202	0.0814361
15203	0.0746059
15204	0.0700523
15205	0.0684261
15206	0.0694018
15207	0.0661493
15208	0.0599695
15209	0.0544403
15210	0.050212
15211	0.0417555
15212	0.0319979
15213	0.0241919
15214	0.0147596
15215	0.00630305
15216	-0.00117774
15217	-0.00508075
15218	-0.0135373
15219	-0.0229696
15220	-0.0320766
15221	-0.0470382
15222	-0.0528927
15223	-0.0639513
15224	-0.0717573
15225	-0.0802138
15226	-0.0925734
15227	-0.102006
15228	-0.114365
15229	-0.123472
15230	-0.124448
15231	-0.134531
15232	-0.140711
15233	-0.144939
15234	-0.148191
15235	-0.150468
15236	-0.151769
15237	-0.150793
15238	-0.155997
15239	-0.157624
15240	-0.156323
15241	-0.155022
15242	-0.151769
15243	-0.149492
15244	-0.140711
15245	-0.133555
15246	-0.132579
15247	-0.124448
15248	-0.117293
15249	-0.110462
15250	-0.0968017
15251	-0.0850926
15252	-0.0730583
15253	-0.0642765
15254	-0.0564705
15255	-0.0467129
15256	-0.0376059
15257	-0.0249211
15258	-0.0161393
15259	-0.00865852
15260	0.00207478
15261	0.00923031
15262	0.0277696
15263	0.0372019
15264	0.0472847
15265	0.0573675
15266	0.0671251
15267	0.0791594
15268	0.0885917
15269	0.100951
15270	0.108432
15271	0.11201
15272	0.119816
15273	0.126321
15274	0.13185
15275	0.138355
15276	0.137054
15277	0.140957
15278	0.136729
15279	0.140632
15280	0.149088
15281	0.147462
15282	0.127947
15283	0.171531
15284	0.16405
15285	0.170555
15286	0.15787
15287	0.167303
15288	0.175434
15289	0.160797
15290	0.154292
15291	0.154618
15292	0.122418
15293	0.127622
15294	0.110384
15295	0.116889
15296	0.112335
15297	0.099325
15298	0.0973735
15299	0.0866402
15300	0.0765574
15301	0.0635473
15302	0.0521635
15303	0.048911
15304	0.0417555
15305	0.0284201
15306	0.0280949
15307	0.0072788
15308	-0.0047555
15309	-0.0226443
15310	-0.0317514
15311	-0.0486645
15312	-0.0642765
15313	-0.0821654
15314	-0.0922481
15315	-0.112088
15316	-0.118268
15317	-0.137458
15318	-0.144288
15319	-0.158925
15320	-0.167056
15321	-0.172585
15322	-0.17226
15323	-0.178765
15324	-0.173561
15325	-0.182993
15326	-0.176814
15327	-0.173561
15328	-0.164454
15329	-0.156648
15330	-0.145264
15331	-0.137783
15332	-0.119895
15333	-0.110137
15334	-0.0880199
15335	-0.0733836
15336	-0.0603735
15337	-0.0418342
15338	-0.0317514
15339	-0.0141878
15340	0.00174953
15341	0.0199636
15342	0.0401292
15343	0.0511877
15344	0.0700523
15345	0.0850139
15346	0.0973735
15347	0.11266
15348	0.11819
15349	0.13185
15350	0.139331
15351	0.150064
15352	0.15722
15353	0.162098
15354	0.166327
15355	0.173482
15356	0.176735
15357	0.184866
15358	0.181939
15359	0.184866
15360	0.18389
15361	0.182915
15362	0.18389
15363	0.185191
15364	0.178686
15365	0.175759
15366	0.169254
15367	0.167303
15368	0.160797
15369	0.15169
15370	0.143559
15371	0.13185
15372	0.117864
15373	0.105505
15374	0.0869654
15375	0.0765574
15376	0.0651736
15377	0.052814
15378	0.0378524
15379	0.0206141
15380	0.00760405
15381	-0.0102848
15382	-0.0288241
15383	-0.0398827
15384	-0.054519
15385	-0.0652523
15386	-0.0750098
15387	-0.0798886
15388	-0.0782623
15389	-0.0860684
15390	-0.0899714
15391	-0.0981027
15392	-0.109161
15393	-0.113064
15394	-0.116967
15395	-0.116967
15396	-0.112088
15397	-0.112739
15398	-0.111763
15399	-0.109812
15400	-0.10721
15401	-0.104282
15402	-0.104282
15403	-0.104608
15404	-0.103307
15405	-0.102981
15406	-0.0961512
15407	-0.0951754
15408	-0.0847674
15409	-0.0818401
15410	-0.0798886
15411	-0.0746846
15412	-0.0704563
15413	-0.0655775
15414	-0.059723
15415	-0.0567957
15416	-0.0467129
15417	-0.0405332
15418	-0.0271979
15419	-0.0148383
15420	-0.00670701
15421	0.00597779
15422	0.0163858
15423	0.0264686
15424	0.0407797
15425	0.0518383
15426	0.0671251
15427	0.0778584
15428	0.0820866
15429	0.0937957
15430	0.104204
15431	0.110709
15432	0.115913
15433	0.123068
15434	0.128923
15435	0.136404
15436	0.135753
15437	0.135103
15438	0.134127
15439	0.136729
15440	0.133802
15441	0.129248
15442	0.12502
15443	0.11884
15444	0.112335
15445	0.108432
15446	0.101602
15447	0.0941209
15448	0.0869654
15449	0.0752564
15450	0.0612705
15451	0.0505372
15452	0.041105
15453	0.0336242
15454	0.0176868
15455	0.00240003
15456	-0.0154888
15457	-0.0301251
15458	-0.050616
15459	-0.0698058
15460	-0.0880199
15461	-0.10168
15462	-0.109161
15463	-0.115666
15464	-0.122822
15465	-0.132254
15466	-0.138759
15467	-0.147216
15468	-0.153395
15469	-0.155022
15470	-0.1599
15471	-0.162177
15472	-0.167381
15473	-0.164454
15474	-0.169007
15475	-0.16608
15476	-0.165104
15477	-0.167056
15478	-0.157624
15479	-0.155347
15480	-0.155022
15481	-0.150143
15482	-0.15307
15483	-0.148842
15484	-0.141361
15485	-0.138109
15486	-0.130953
15487	-0.132905
15488	-0.128676
15489	-0.129002
15490	-0.12087
15491	-0.110787
15492	-0.109486
15493	-0.104282
15494	-0.106559
15495	-0.108511
15496	-0.105909
15497	-0.0994037
15498	-0.0889956
15499	-0.0802138
15500	-0.0717573
15501	-0.061024
15502	-0.050616
15503	-0.0359796
15504	-0.0206928
15505	-0.00833327
15506	0.00337578
15507	0.0134586
15508	0.0232161
15509	0.0336242
15510	0.0443575
15511	0.0531393
15512	0.0596443
15513	0.0684261
15514	0.0749311
15515	0.0820866
15516	0.0866402
15517	0.0924947
15518	0.0944462
15519	0.0996502
15520	0.103878
15521	0.105505
15522	0.109733
15523	0.110058
15524	0.110058
15525	0.111685
15526	0.113636
15527	0.110709
15528	0.111359
15529	0.109083
15530	0.107131
15531	0.101927
15532	0.0970482
15533	0.0895674
15534	0.0798099
15535	0.0720038
15536	0.0651736
15537	0.0534645
15538	0.0443575
15539	0.0362262
15540	0.0293959
15541	0.0232161
15542	0.0176868
15543	0.0131333
15544	0.00760405
15545	0.00532729
15546	0.00565254
15547	0.00109902
15548	0.000123269
15549	0.00044852
15550	0.00044852
15551	-0.00735751
15552	-0.00605651
15553	-0.00215349
15554	-0.00280399
15555	-0.00312925
15556	-0.00573126
15557	-0.00638176
15558	-0.00605651
15559	-0.00800802
15560	-0.00735751
15561	-0.0109353
15562	-0.0158141
15563	-0.0158141
15564	-0.0197171
15565	-0.0184161
15566	-0.0190666
15567	-0.0239453
15568	-0.0226443
15569	-0.0206928
15570	-0.0171151
15571	-0.0151635
15572	-0.0206928
15573	-0.0223191
15574	-0.0278484
15575	-0.0268726
15576	-0.0255716
15577	-0.0301251
15578	-0.0249211
15579	-0.0284989
15580	-0.0297999
15581	-0.0297999
15582	-0.0324019
15583	-0.0275231
15584	-0.0284989
15585	-0.0288241
15586	-0.0193918
15587	-0.0164646
15588	-0.00833327
15589	-0.00150299
15590	0.0066283
15591	0.0137838
15592	0.0186626
15593	0.0251676
15594	0.0284201
15595	0.0326484
15596	0.0362262
15597	0.0433817
15598	0.04761
15599	0.0560665
15600	0.0596443
15601	0.0700523
15602	0.0726543
15603	0.0785089
15604	0.0840381
15605	0.0830624
15606	0.0863149
15607	0.0850139
15608	0.0850139
15609	0.0820866
15610	0.0785089
15611	0.0749311
15612	0.0677756
15613	0.0645231
15614	0.0596443
15615	0.0498867
15616	0.0401292
15617	0.0274444
15618	0.0173616
15619	0.0124828
15620	0.0108566
15621	0.00597779
15622	0.00109902
15623	-0.004105
15624	-0.01061
15625	-0.0167898
15626	-0.0193918
15627	-0.0193918
15628	-0.0255716
15629	-0.0320766
15630	-0.0369554
15631	-0.0441109
15632	-0.0418342
15633	-0.0460624
15634	-0.0470382
15635	-0.0528927
15636	-0.0515917
15637	-0.0541937
15638	-0.0548442
15639	-0.0535432
15640	-0.0499655
15641	-0.0463877
15642	-0.0444362
15643	-0.0434604
15644	-0.0480139
15645	-0.0509412
15646	-0.0515917
15647	-0.0483392
15648	-0.0450867
15649	-0.0411837
15650	-0.0415089
15651	-0.0454119
15652	-0.0512665
15653	-0.0541937
15654	-0.0574462
15655	-0.0567957
15656	-0.0564705
15657	-0.0528927
15658	-0.0509412
15659	-0.0499655
15660	-0.0486645
15661	-0.0496402
15662	-0.0515917
15663	-0.0470382
15664	-0.0424847
15665	-0.0405332
15666	-0.0356544
15667	-0.0340281
15668	-0.0356544
15669	-0.0356544
15670	-0.0340281
15671	-0.0311009
15672	-0.0284989
15673	-0.0249211
15674	-0.0180908
15675	-0.0154888
15676	-0.00768277
15677	-0.00280399
15678	0.000773772
15679	0.00467679
15680	0.00305053
15681	0.00240003
15682	0.00240003
15683	0.00500204
15684	0.00955556
15685	0.0134586
15686	0.0141091
15687	0.0186626
15688	0.0183374
15689	0.0206141
15690	0.0209394
15691	0.0180121
15692	0.0199636
15693	0.0167111
15694	0.0160606
15695	0.0167111
15696	0.0160606
15697	0.0137838
15698	0.0115071
15699	0.00923031
15700	0.0066283
15701	0.00044852
15702	-0.00670701
15703	-0.00703226
15704	-0.00800802
15705	-0.0141878
15706	-0.0193918
15707	-0.0262221
15708	-0.0268726
15709	-0.0288241
15710	-0.0294746
15711	-0.0330524
15712	-0.0376059
15713	-0.0402079
15714	-0.0382564
15715	-0.0369554
15716	-0.0346786
15717	-0.0320766
15718	-0.0353291
15719	-0.0353291
15720	-0.0385817
15721	-0.0405332
15722	-0.0392322
15723	-0.0395574
15724	-0.0353291
15725	-0.0337029
15726	-0.0320766
15727	-0.0304504
15728	-0.0311009
15729	-0.0320766
15730	-0.0327271
15731	-0.0353291
15732	-0.0350039
15733	-0.0337029
15734	-0.0317514
15735	-0.0275231
15736	-0.0281736
15737	-0.0301251
15738	-0.0333776
15739	-0.0317514
15740	-0.0297999
15741	-0.0275231
15742	-0.0239453
15743	-0.0219938
15744	-0.0187413
15745	-0.0190666
15746	-0.0200423
15747	-0.0190666
15748	-0.0187413
15749	-0.0122363
15750	-0.0034545
15751	0.00857981
15752	0.0157353
15753	0.0209394
15754	0.0225656
15755	0.0215899
15756	0.0219151
15757	0.0238666
15758	0.0287454
15759	0.0336242
15760	0.0394787
15761	0.046309
15762	0.0495615
15763	0.052814
15764	0.0505372
15765	0.0472847
15766	0.0498867
15767	0.0508625
15768	0.0521635
15769	0.055416
15770	0.0576928
15771	0.0612705
15772	0.0632221
15773	0.0651736
15774	0.0612705
15775	0.0589938
15776	0.0550908
15777	0.052814
15778	0.0495615
15779	0.0456585
15780	0.046309
15781	0.0453332
15782	0.0440322
15783	0.0414302
15784	0.0352504
15785	0.0293959
15786	0.0258181
15787	0.0235414
15788	0.0222404
15789	0.0180121
15790	0.0128081
15791	0.0118323
15792	0.00988081
15793	0.00435154
15794	0.000773772
15795	-0.0047555
15796	-0.0112605
15797	-0.0158141
15798	-0.0210181
15799	-0.0278484
15800	-0.0320766
15801	-0.0324019
15802	-0.0327271
15803	-0.0363049
15804	-0.0376059
15805	-0.0408584
15806	-0.0444362
15807	-0.0476887
15808	-0.0486645
15809	-0.0480139
15810	-0.0460624
15811	-0.0437857
15812	-0.0418342
15813	-0.0418342
15814	-0.0411837
15815	-0.0385817
15816	-0.0372806
15817	-0.0327271
15818	-0.0320766
15819	-0.0291494
15820	-0.0278484
15821	-0.0249211
15822	-0.0187413
15823	-0.0171151
15824	-0.0102848
15825	-0.00768277
15826	-0.00280399
15827	0.000773772
15828	0.00402629
15829	0.00825456
15830	0.0124828
15831	0.0144343
15832	0.0170363
15833	0.0144343
15834	0.0147596
15835	0.0131333
15836	0.0147596
15837	0.0167111
15838	0.0193131
15839	0.0222404
15840	0.0215899
15841	0.0206141
15842	0.0199636
15843	0.0219151
15844	0.0245171
15845	0.0248424
15846	0.0261434
15847	0.0284201
15848	0.0271191
15849	0.0271191
15850	0.0251676
15851	0.0245171
15852	0.0274444
15853	0.0261434
15854	0.0290706
15855	0.0271191
15856	0.0267939
15857	0.0254929
15858	0.0248424
15859	0.0219151
15860	0.0206141
15861	0.0167111
15862	0.0131333
15863	0.0128081
15864	0.0128081
15865	0.0121576
15866	0.0115071
15867	0.00923031
15868	0.00825456
15869	0.00565254
15870	0.00240003
15871	-0.00247874
15872	-0.00605651
15873	-0.00735751
15874	-0.00800802
15875	-0.00995953
15876	-0.0125615
15877	-0.0128868
15878	-0.014513
15879	-0.014513
15880	-0.0138625
15881	-0.0161393
15882	-0.0171151
15883	-0.0174403
15884	-0.0203676
15885	-0.0190666
15886	-0.0200423
15887	-0.0200423
15888	-0.0180908
15889	-0.0171151
15890	-0.0128868
15891	-0.0122363
15892	-0.0125615
15893	-0.013212
15894	-0.0187413
15895	-0.0190666
15896	-0.0187413
15897	-0.0187413
15898	-0.0180908
15899	-0.0174403
15900	-0.0154888
15901	-0.0161393
15902	-0.0151635
15903	-0.0128868
15904	-0.0135373
15905	-0.013212
15906	-0.0154888
15907	-0.0151635
15908	-0.011911
15909	-0.011911
15910	-0.00963428
15911	-0.0115858
15912	-0.0138625
15913	-0.0164646
15914	-0.0180908
15915	-0.0177656
15916	-0.0177656
15917	-0.0151635
15918	-0.0148383
15919	-0.0158141
15920	-0.0184161
15921	-0.0232948
15922	-0.0265474
15923	-0.0275231
15924	-0.0275231
15925	-0.0271979
15926	-0.0219938
15927	-0.0203676
15928	-0.0210181
15929	-0.0213433
15930	-0.0210181
15931	-0.0236201
15932	-0.0265474
15933	-0.0275231
15934	-0.0278484
15935	-0.0242706
15936	-0.0210181
15937	-0.0226443
15938	-0.0232948
15939	-0.0265474
15940	-0.0265474
15941	-0.0291494
15942	-0.0297999
15943	-0.0258968
15944	-0.0229696
15945	-0.0239453
15946	-0.0258968
15947	-0.0324019
15948	-0.0317514
15949	-0.0301251
15950	-0.0278484
15951	-0.0268726
15952	-0.0284989
15953	-0.0255716
15954	-0.0252463
15955	-0.0258968
15956	-0.0245958
15957	-0.0249211
15958	-0.0226443
15959	-0.0213433
15960	-0.0219938
15961	-0.0200423
15962	-0.0219938
15963	-0.0203676
15964	-0.0184161
15965	-0.0193918
15966	-0.0193918
15967	-0.0206928
15968	-0.0210181
15969	-0.0177656
15970	-0.0174403
15971	-0.0164646
15972	-0.0167898
15973	-0.0148383
15974	-0.011911
15975	-0.0115858
15976	-0.0112605
15977	-0.00995953
15978	-0.00898377
15979	-0.00735751
15980	-0.00540601
15981	-0.00670701
15982	-0.00573126
15983	-0.004105
15984	-0.0047555
15985	-0.004105
15986	-0.00215349
15987	-0.00182824
15988	0.000123269
15989	0.00272528
15990	0.00370103
15991	0.00597779
15992	0.00370103
15993	0.00207478
15994	0.00174953
15995	-0.000201983
15996	0.000773772
15997	0.00305053
15998	0.00597779
15999	0.00825456
16000	0.00695355
16001	0.00565254
16002	0.00305053
16003	-0.00150299
16004	-0.00150299
16005	-0.00247874
16006	0.00044852
16007	0.00532729
16008	0.0072788
16009	0.00630305
16010	0.00272528
16011	0.000123269
16012	-0.000852486
16013	-0.00280399
16014	-0.000527234
16015	-0.000527234
16016	0.000773772
16017	0.00044852
16018	-0.000852486
16019	0.00207478
16020	0.00532729
16021	0.00825456
16022	0.00955556
16023	0.00825456
16024	0.0072788
16025	0.00890506
16026	0.0111818
16027	0.0141091
16028	0.0160606
16029	0.0199636
16030	0.0186626
16031	0.0193131
16032	0.0183374
16033	0.0170363
16034	0.0160606
16035	0.0160606
16036	0.0202889
16037	0.0235414
16038	0.0254929
16039	0.0254929
16040	0.0258181
16041	0.0258181
16042	0.0271191
16043	0.0264686
16044	0.0228909
16045	0.0219151
16046	0.0215899
16047	0.0193131
16048	0.0189879
16049	0.0202889
16050	0.0180121
16051	0.0196384
16052	0.0186626
16053	0.0180121
16054	0.0183374
16055	0.0167111
16056	0.0183374
16057	0.0196384
16058	0.0189879
16059	0.0215899
16060	0.0232161
16061	0.0238666
16062	0.0199636
16063	0.0189879
16064	0.0206141
16065	0.0215899
16066	0.0228909
16067	0.0228909
16068	0.0241919
16069	0.0238666
16070	0.0212646
16071	0.0157353
16072	0.0124828
16073	0.00955556
16074	0.00695355
16075	0.00467679
16076	0.00142427
16077	-0.00215349
16078	-0.00443025
16079	-0.00800802
16080	-0.00670701
16081	-0.00670701
16082	-0.00800802
16083	-0.00995953
16084	-0.0125615
16085	-0.0135373
16086	-0.011911
16087	-0.0112605
16088	-0.00768277
16089	-0.00638176
16090	-0.00443025
16091	-0.00540601
16092	-0.00735751
16093	-0.00508075
16094	-0.00508075
16095	-0.000852486
16096	0.000123269
16097	0.00044852
16098	0.00272528
16099	0.00240003
16100	0.00337578
16101	0.00435154
16102	0.00825456
16103	0.00890506
16104	0.0108566
16105	0.00923031
16106	0.0079293
16107	0.0072788
16108	0.0072788
16109	0.00825456
16110	0.00825456
16111	0.0072788
16112	0.0066283
16113	0.00597779
16114	0.00597779
16115	0.00305053
16116	0.00240003
16117	0.00240003
16118	0.00109902
16119	0.00174953
16120	0.000123269
16121	0.000123269
16122	0.000773772
16123	0.00142427
16124	-0.000527234
16125	0.000123269
16126	-0.000201983
16127	0.00044852
16128	0.000123269
16129	0.00044852
16130	-0.00150299
16131	-0.000852486
16132	-0.000852486
16133	-0.00182824
16134	-0.00508075
16135	-0.00605651
16136	-0.00703226
16137	-0.00508075
16138	-0.000852486
16139	0.00207478
16140	0.00272528
16141	0.00630305
16142	0.00825456
16143	0.0128081
16144	0.0134586
16145	0.0134586
16146	0.0160606
16147	0.0134586
16148	0.0157353
16149	0.0167111
16150	0.0134586
16151	0.0180121
16152	0.0196384
16153	0.0232161
16154	0.0235414
16155	0.0228909
16156	0.0225656
16157	0.0219151
16158	0.0232161
16159	0.0271191
16160	0.0284201
16161	0.0313474
16162	0.0316727
16163	0.0332989
16164	0.0365514
16165	0.0362262
16166	0.0372019
16167	0.0368767
16168	0.0345999
16169	0.0310222
16170	0.0303717
16171	0.0293959
16172	0.0284201
16173	0.0267939
16174	0.0258181
16175	0.0235414
16176	0.0232161
16177	0.0206141
16178	0.0199636
16179	0.0160606
16180	0.0173616
16181	0.0167111
16182	0.0154101
16183	0.0121576
16184	0.0102061
16185	0.00695355
16186	0.00597779
16187	0.00532729
16188	0.00532729
16189	0.00370103
16190	0.000773772
16191	0.00109902
16192	0.000773772
16193	0.00044852
16194	0.00435154
16195	0.00240003
16196	0.00272528
16197	0.00044852
16198	0.00207478
16199	0.00207478
16200	0.00402629
16201	0.00760405
16202	0.00695355
16203	0.0105313
16204	0.00923031
16205	0.00988081
16206	0.00695355
16207	0.00532729
16208	0.00370103
16209	0.00630305
16210	0.00923031
16211	0.00923031
16212	0.00825456
16213	0.00760405
16214	0.0072788
16215	0.0102061
16216	0.0105313
16217	0.00988081
16218	0.00890506
16219	0.00760405
16220	0.00565254
16221	0.00597779
16222	0.00532729
16223	0.00565254
16224	0.0066283
16225	0.00825456
16226	0.00695355
16227	0.00565254
16228	0.00500204
16229	0.0066283
16230	0.00825456
16231	0.0121576
16232	0.0144343
16233	0.0160606
16234	0.0183374
16235	0.0199636
16236	0.0199636
16237	0.0189879
16238	0.0157353
16239	0.0131333
16240	0.00923031
16241	0.00825456
16242	0.00760405
16243	0.00760405
16244	0.00630305
16245	0.00565254
16246	0.00240003
16247	0.00109902
16248	-0.00117774
16249	-0.000527234
16250	-0.00117774
16251	-0.00150299
16252	-0.00150299
16253	-0.00280399
16254	-0.004105
16255	-0.00605651
16256	-0.00898377
16257	-0.0112605
16258	-0.0138625
16259	-0.0151635
16260	-0.0154888
16261	-0.0187413
16262	-0.0200423
16263	-0.0203676
16264	-0.0219938
16265	-0.0236201
16266	-0.0262221
16267	-0.0297999
16268	-0.0301251
16269	-0.0327271
16270	-0.0304504
16271	-0.0278484
16272	-0.0275231
16273	-0.0281736
16274	-0.0291494
16275	-0.0311009
16276	-0.0320766
16277	-0.0356544
16278	-0.0353291
16279	-0.0366301
16280	-0.0353291
16281	-0.0317514
16282	-0.0307756
16283	-0.0311009
16284	-0.0307756
16285	-0.0294746
16286	-0.0281736
16287	-0.0288241
16288	-0.0304504
16289	-0.0301251
16290	-0.0284989
16291	-0.0268726
16292	-0.0255716
16293	-0.0249211
16294	-0.0242706
16295	-0.0252463
16296	-0.0258968
16297	-0.0265474
16298	-0.0294746
16299	-0.0307756
16300	-0.0304504
16301	-0.0327271
16302	-0.0314261
16303	-0.0284989
16304	-0.0262221
16305	-0.0236201
16306	-0.0223191
16307	-0.0203676
16308	-0.0177656
16309	-0.0167898
16310	-0.0158141
16311	-0.014513
16312	-0.0109353
16313	-0.00898377
16314	-0.00768277
16315	-0.0034545
16316	-0.00280399
16317	-0.00182824
16318	-0.00182824
16319	-0.00117774
16320	0.00207478
16321	0.00370103
16322	0.00565254
16323	0.0066283
16324	0.0066283
16325	0.00825456
16326	0.00760405
16327	0.00695355
16328	0.00695355
16329	0.00857981
16330	0.00825456
16331	0.0079293
16332	0.00467679
16333	0.00467679
16334	0.00337578
16335	0.00240003
16336	0.00240003
16337	0.000773772
16338	0.000123269
16339	-0.00182824
16340	-0.0034545
16341	-0.00182824
16342	-0.00182824
16343	-0.0034545
16344	-0.00280399
16345	-0.00247874
16346	-0.0047555
16347	-0.00605651
16348	-0.00995953
16349	-0.00995953
16350	-0.0112605
16351	-0.0109353
16352	-0.0109353
16353	-0.011911
16354	-0.0109353
16355	-0.013212
16356	-0.0161393
16357	-0.0158141
16358	-0.0190666
16359	-0.0200423
16360	-0.0206928
16361	-0.0216686
16362	-0.0236201
16363	-0.0242706
16364	-0.0271979
16365	-0.0301251
16366	-0.0324019
16367	-0.0337029
16368	-0.0363049
16369	-0.0369554
16370	-0.0395574
16371	-0.0408584
16372	-0.0415089
16373	-0.0392322
16374	-0.0395574
16375	-0.0428099
16376	-0.0434604
16377	-0.0454119
16378	-0.0463877
16379	-0.0450867
16380	-0.0454119
16381	-0.0437857
16382	-0.0421594
16383	-0.0395574
16384	-0.0389069
16385	-0.0359796
16386	-0.0333776
16387	-0.0353291
16388	-0.0340281
16389	-0.0333776
16390	-0.0324019
16391	-0.0301251
16392	-0.0284989
16393	-0.0275231
16394	-0.0245958
16395	-0.0226443
16396	-0.0210181
16397	-0.0180908
16398	-0.0161393
16399	-0.0161393
16400	-0.0138625
16401	-0.0148383
16402	-0.0161393
16403	-0.0164646
16404	-0.0174403
16405	-0.0167898
16406	-0.0154888
16407	-0.0154888
16408	-0.0125615
16409	-0.0122363
16410	-0.0122363
16411	-0.0109353
16412	-0.00930902
16413	-0.00833327
16414	-0.00670701
16415	-0.00833327
16416	-0.00638176
16417	-0.00670701
16418	-0.00377975
16419	-0.00280399
16420	-0.004105
16421	-0.00117774
16422	-0.000527234
16423	0.00240003
16424	0.00435154
16425	0.0066283
16426	0.0079293
16427	0.00857981
16428	0.00760405
16429	0.00857981
16430	0.00890506
16431	0.0108566
16432	0.0105313
16433	0.00890506
16434	0.0102061
16435	0.0102061
16436	0.0111818
16437	0.0144343
16438	0.0147596
16439	0.0147596
16440	0.0124828
16441	0.0121576
16442	0.0131333
16443	0.0137838
16444	0.0160606
16445	0.0176868
16446	0.0202889
16447	0.0219151
16448	0.0235414
16449	0.0251676
16450	0.0241919
16451	0.0251676
16452	0.0232161
16453	0.0209394
16454	0.0206141
16455	0.0189879
16456	0.0186626
16457	0.0167111
16458	0.0160606
16459	0.0157353
16460	0.0150848
16461	0.0141091
16462	0.0128081
16463	0.0115071
16464	0.0111818
16465	0.00890506
16466	0.00825456
16467	0.00532729
16468	0.00337578
16469	0.00142427
16470	-0.00280399
16471	-0.004105
16472	-0.004105
16473	-0.00605651
16474	-0.00670701
16475	-0.00670701
16476	-0.00898377
16477	-0.00963428
16478	-0.0115858
16479	-0.0115858
16480	-0.0112605
16481	-0.0112605
16482	-0.0122363
16483	-0.0138625
16484	-0.013212
16485	-0.0138625
16486	-0.0154888
16487	-0.0141878
16488	-0.0148383
16489	-0.0151635
16490	-0.0177656
16491	-0.0210181
16492	-0.0210181
16493	-0.0193918
16494	-0.0203676
16495	-0.0197171
16496	-0.0193918
16497	-0.0197171
16498	-0.0200423
16499	-0.0210181
16500	-0.0219938
16501	-0.0203676
16502	-0.0203676
16503	-0.0187413
16504	-0.0187413
16505	-0.0180908
16506	-0.0161393
16507	-0.0154888
16508	-0.0148383
16509	-0.0138625
16510	-0.011911
16511	-0.00963428
16512	-0.00800802
16513	-0.00605651
16514	-0.00247874
16515	-0.00247874
16516	-0.00215349
16517	0.00109902
16518	0.00142427
16519	0.00240003
16520	0.00467679
16521	0.00500204
16522	0.00760405
16523	0.00890506
16524	0.00825456
16525	0.00923031
16526	0.00760405
16527	0.0079293
16528	0.00825456
16529	0.0079293
16530	0.00857981
16531	0.0108566
16532	0.0131333
16533	0.0154101
16534	0.0144343
16535	0.0134586
16536	0.0141091
16537	0.0157353
16538	0.0147596
16539	0.0144343
16540	0.0131333
16541	0.0131333
16542	0.0108566
16543	0.0102061
16544	0.00988081
16545	0.00988081
16546	0.0105313
16547	0.0111818
16548	0.00988081
16549	0.00890506
16550	0.00695355
16551	0.0066283
16552	0.00630305
16553	0.00890506
16554	0.00923031
16555	0.00923031
16556	0.00857981
16557	0.00988081
16558	0.0115071
16559	0.0118323
16560	0.0105313
16561	0.0121576
16562	0.0141091
16563	0.0141091
16564	0.0154101
16565	0.0167111
16566	0.0183374
16567	0.0206141
16568	0.0225656
16569	0.0235414
16570	0.0248424
16571	0.0232161
16572	0.0245171
16573	0.0248424
16574	0.0238666
16575	0.0235414
16576	0.0212646
16577	0.0212646
16578	0.0183374
16579	0.0144343
16580	0.0150848
16581	0.0128081
16582	0.0121576
16583	0.0102061
16584	0.00532729
16585	0.00435154
16586	0.00109902
16587	-0.000852486
16588	-0.00150299
16589	-0.00605651
16590	-0.00768277
16591	-0.00833327
16592	-0.00995953
16593	-0.0141878
16594	-0.0148383
16595	-0.0161393
16596	-0.0177656
16597	-0.0171151
16598	-0.0177656
16599	-0.0151635
16600	-0.0154888
16601	-0.014513
16602	-0.01061
16603	-0.00995953
16604	-0.00638176
16605	-0.00540601
16606	-0.00312925
16607	-0.000852486
16608	0.00044852
16609	0.00370103
16610	0.00532729
16611	0.0079293
16612	0.00988081
16613	0.0115071
16614	0.0124828
16615	0.0121576
16616	0.0118323
16617	0.0115071
16618	0.0134586
16619	0.0111818
16620	0.0128081
16621	0.0118323
16622	0.0118323
16623	0.0121576
16624	0.0121576
16625	0.0131333
16626	0.0128081
16627	0.0115071
16628	0.0102061
16629	0.00857981
16630	0.0072788
16631	0.00467679
16632	0.00500204
16633	0.00305053
16634	0.00174953
16635	-0.000201983
16636	-0.00247874
16637	-0.00312925
16638	-0.00312925
16639	-0.0034545
16640	-0.004105
16641	-0.00443025
16642	-0.00638176
16643	-0.00605651
16644	-0.00605651
16645	-0.00865852
16646	-0.01061
16647	-0.0115858
16648	-0.011911
16649	-0.011911
16650	-0.0128868
16651	-0.0122363
16652	-0.013212
16653	-0.0138625
16654	-0.0141878
16655	-0.0164646
16656	-0.0158141
16657	-0.0180908
16658	-0.0197171
16659	-0.0216686
16660	-0.0219938
16661	-0.0245958
16662	-0.0258968
16663	-0.0288241
16664	-0.0301251
16665	-0.0324019
16666	-0.0350039
16667	-0.0369554
16668	-0.0366301
16669	-0.0379312
16670	-0.0372806
16671	-0.0372806
16672	-0.0366301
16673	-0.0363049
16674	-0.0353291
16675	-0.0353291
16676	-0.0346786
16677	-0.0330524
16678	-0.0297999
16679	-0.0294746
16680	-0.0262221
16681	-0.0249211
16682	-0.0223191
16683	-0.0190666
16684	-0.0171151
16685	-0.013212
16686	-0.011911
16687	-0.00833327
16688	-0.004105
16689	-0.00540601
16690	-0.0047555
16691	-0.00150299
16692	-0.00182824
16693	0.000123269
16694	0.000773772
16695	0.00435154
16696	0.0066283
16697	0.0066283
16698	0.00597779
16699	0.00760405
16700	0.00760405
16701	0.00760405
16702	0.00565254
16703	0.00695355
16704	0.00370103
16705	0.00142427
16706	0.000123269
16707	-0.00215349
16708	-0.00443025
16709	-0.00800802
16710	-0.00995953
16711	-0.014513
16712	-0.0158141
16713	-0.0161393
16714	-0.0187413
16715	-0.0206928
16716	-0.0226443
16717	-0.0239453
16718	-0.0252463
16719	-0.0258968
16720	-0.0239453
16721	-0.0245958
16722	-0.0258968
16723	-0.0252463
16724	-0.0245958
16725	-0.0265474
16726	-0.0265474
16727	-0.0255716
16728	-0.0226443
16729	-0.0226443
16730	-0.0197171
16731	-0.0180908
16732	-0.0167898
16733	-0.0141878
16734	-0.011911
16735	-0.00833327
16736	-0.00605651
16737	-0.004105
16738	-0.00312925
16739	-0.00182824
16740	0.000773772
16741	0.00337578
16742	0.00565254
16743	0.0079293
16744	0.0102061
16745	0.0118323
16746	0.0121576
16747	0.0167111
16748	0.0167111
16749	0.0180121
16750	0.0180121
16751	0.0173616
16752	0.0193131
16753	0.0170363
16754	0.0157353
16755	0.0147596
16756	0.0137838
16757	0.0134586
16758	0.0105313
16759	0.0115071
16760	0.0111818
16761	0.00825456
16762	0.0072788
16763	0.00630305
16764	0.00467679
16765	0.00467679
16766	0.00109902
16767	-0.000527234
16768	-0.000201983
16769	-0.00443025
16770	-0.00508075
16771	-0.00573126
16772	-0.0047555
16773	-0.00508075
16774	-0.00573126
16775	-0.00735751
16776	-0.00768277
16777	-0.00833327
16778	-0.00703226
16779	-0.00768277
16780	-0.00670701
16781	-0.004105
16782	-0.00377975
16783	-0.00117774
16784	0.00142427
16785	0.00305053
16786	0.00565254
16787	0.00857981
16788	0.00955556
16789	0.0118323
16790	0.0131333
16791	0.0141091
16792	0.0134586
16793	0.0134586
16794	0.0154101
16795	0.0150848
16796	0.0131333
16797	0.0141091
16798	0.0144343
16799	0.0128081
16800	0.0128081
16801	0.0124828
16802	0.0121576
16803	0.0108566
16804	0.00825456
16805	0.00695355
16806	0.00370103
16807	0.00240003
16808	-0.000201983
16809	-0.00215349
16810	-0.00312925
16811	-0.00215349
16812	-0.00215349
16813	-0.0034545
16814	-0.0034545
16815	-0.00443025
16816	-0.00150299
16817	-0.000852486
16818	0.000123269
16819	0.00109902
16820	0.00207478
16821	0.00467679
16822	0.00467679
16823	0.00565254
16824	0.0079293
16825	0.0079293
16826	0.0102061
16827	0.0102061
16828	0.00857981
16829	0.0115071
16830	0.0102061
16831	0.0118323
16832	0.0131333
16833	0.0134586
16834	0.0157353
16835	0.0163858
16836	0.0167111
16837	0.0193131
16838	0.0180121
16839	0.0193131
16840	0.0186626
16841	0.0199636
16842	0.0186626
16843	0.0170363
16844	0.0157353
16845	0.0144343
16846	0.0150848
16847	0.0150848
16848	0.0137838
16849	0.0118323
16850	0.0105313
16851	0.00923031
16852	0.00825456
16853	0.0079293
16854	0.00500204
16855	0.00370103
16856	0.00240003
16857	-0.000201983
16858	-0.000201983
16859	-0.00150299
16860	-0.0047555
16861	-0.0047555
16862	-0.00800802
16863	-0.00735751
16864	-0.00670701
16865	-0.00670701
16866	-0.00800802
16867	-0.00833327
16868	-0.00735751
16869	-0.00670701
16870	-0.00703226
16871	-0.00638176
16872	-0.00540601
16873	-0.004105
16874	-0.00280399
16875	-0.0034545
16876	-0.0034545
16877	-0.0034545
16878	-0.004105
16879	-0.00280399
16880	-0.004105
16881	-0.00443025
16882	-0.00638176
16883	-0.00638176
16884	-0.00605651
16885	-0.00573126
16886	-0.00573126
16887	-0.00508075
16888	-0.00508075
16889	-0.00443025
16890	-0.00150299
16891	-0.00280399
16892	-0.00247874
16893	-0.00182824
16894	-0.00215349
16895	-0.00312925
16896	-0.00280399
16897	-0.00150299
16898	-0.00150299
16899	-0.0034545
16900	-0.00182824
16901	-0.00182824
16902	-0.00312925
16903	-0.00215349
16904	-0.00215349
16905	0.00044852
16906	0.000123269
16907	0.00109902
16908	0.00305053
16909	0.00337578
16910	0.00532729
16911	0.00500204
16912	0.0066283
16913	0.00695355
16914	0.00825456
16915	0.00857981
16916	0.0079293
16917	0.0105313
16918	0.0108566
16919	0.0137838
16920	0.0121576
16921	0.0134586
16922	0.0157353
16923	0.0163858
16924	0.0180121
16925	0.0189879
16926	0.0202889
16927	0.0196384
16928	0.0199636
16929	0.0196384
16930	0.0219151
16931	0.0225656
16932	0.0232161
16933	0.0206141
16934	0.0212646
16935	0.0186626
16936	0.0186626
16937	0.0189879
16938	0.0189879
16939	0.0170363
16940	0.0167111
16941	0.0144343
16942	0.0154101
16943	0.0150848
16944	0.0150848
16945	0.0134586
16946	0.0124828
16947	0.0131333
16948	0.0131333
16949	0.0105313
16950	0.00955556
16951	0.00988081
16952	0.00890506
16953	0.00695355
16954	0.0066283
16955	0.00760405
16956	0.0066283
16957	0.0079293
16958	0.00760405
16959	0.0066283
16960	0.00890506
16961	0.00955556
16962	0.00988081
16963	0.0115071
16964	0.0121576
16965	0.0118323
16966	0.0121576
16967	0.0115071
16968	0.0118323
16969	0.0124828
16970	0.0134586
16971	0.0115071
16972	0.00955556
16973	0.00857981
16974	0.00890506
16975	0.00597779
16976	0.00532729
16977	0.00500204
16978	0.00207478
16979	0.000773772
16980	0.000123269
16981	-0.00182824
16982	-0.004105
16983	-0.00540601
16984	-0.00735751
16985	-0.00833327
16986	-0.0115858
16987	-0.0128868
16988	-0.0151635
16989	-0.0154888
16990	-0.0167898
16991	-0.0177656
16992	-0.0184161
16993	-0.0203676
16994	-0.0200423
16995	-0.0219938
16996	-0.0210181
16997	-0.0226443
16998	-0.0223191
16999	-0.0223191
17000	-0.0223191
17001	-0.0236201
17002	-0.0245958
17003	-0.0258968
17004	-0.0258968
17005	-0.0288241
17006	-0.0278484
17007	-0.0278484
17008	-0.0281736
17009	-0.0284989
17010	-0.0304504
17011	-0.0304504
17012	-0.0297999
17013	-0.0304504
17014	-0.0278484
17015	-0.0288241
17016	-0.0268726
17017	-0.0262221
17018	-0.0245958
17019	-0.0236201
17020	-0.0242706
17021	-0.0252463
17022	-0.0252463
17023	-0.0223191
17024	-0.0213433
17025	-0.0203676
17026	-0.0203676
17027	-0.0200423
17028	-0.0184161
17029	-0.0158141
17030	-0.0141878
17031	-0.0125615
17032	-0.00995953
17033	-0.00800802
17034	-0.00443025
17035	-0.00247874
17036	-0.00247874
17037	-0.000527234
17038	-0.00150299
17039	-0.00247874
17040	-0.00117774
17041	-0.00247874
17042	-0.00312925
17043	-0.0047555
17044	-0.00605651
17045	-0.00768277
17046	-0.00865852
17047	-0.0115858
17048	-0.011911
17049	-0.0115858
17050	-0.014513
17051	-0.011911
17052	-0.014513
17053	-0.0151635
17054	-0.0164646
17055	-0.0158141
17056	-0.013212
17057	-0.013212
17058	-0.014513
17059	-0.0115858
17060	-0.0141878
17061	-0.0122363
17062	-0.0115858
17063	-0.00833327
17064	-0.00670701
17065	-0.00508075
17066	-0.0034545
17067	-0.00182824
17068	0.00044852
17069	0.00272528
17070	0.00337578
17071	0.00500204
17072	0.0072788
17073	0.00760405
17074	0.00923031
17075	0.0102061
17076	0.00955556
17077	0.0111818
17078	0.00923031
17079	0.0105313
17080	0.0102061
17081	0.00988081
17082	0.0111818
17083	0.0108566
17084	0.00825456
17085	0.0072788
17086	0.00825456
17087	0.0066283
17088	0.00597779
17089	0.00565254
17090	0.00532729
17091	0.00305053
17092	0.000773772
17093	0.000123269
17094	-0.000201983
17095	-0.00280399
17096	-0.00215349
17097	-0.00443025
17098	-0.00540601
17099	-0.00735751
17100	-0.00963428
17101	-0.0102848
17102	-0.0115858
17103	-0.0128868
17104	-0.014513
17105	-0.0158141
17106	-0.0161393
17107	-0.0171151
17108	-0.0190666
17109	-0.0203676
17110	-0.0226443
17111	-0.0236201
17112	-0.0242706
17113	-0.0249211
17114	-0.0239453
17115	-0.0245958
17116	-0.0245958
17117	-0.0229696
17118	-0.0249211
17119	-0.0245958
17120	-0.0236201
17121	-0.0216686
17122	-0.0206928
17123	-0.0210181
17124	-0.0190666
17125	-0.0177656
17126	-0.0171151
17127	-0.0151635
17128	-0.0128868
17129	-0.0125615
17130	-0.00995953
17131	-0.00930902
17132	-0.0112605
17133	-0.00930902
17134	-0.00703226
17135	-0.00768277
17136	-0.0047555
17137	-0.004105
17138	-0.00280399
17139	-0.000852486
17140	-0.00182824
17141	0.00109902
17142	0.00174953
17143	0.00109902
17144	0.00240003
17145	0.00272528
17146	0.00240003
17147	0.00044852
17148	-0.000852486
17149	0.00044852
17150	-0.000527234
17151	-0.00182824
17152	-0.00215349
17153	-0.00215349
17154	-0.00247874
17155	-0.00150299
17156	-0.00377975
17157	-0.00280399
17158	-0.004105
17159	-0.00573126
17160	-0.00605651
17161	-0.00540601
17162	-0.00768277
17163	-0.00638176
17164	-0.00638176
17165	-0.00800802
17166	-0.00670701
17167	-0.00638176
17168	-0.00703226
17169	-0.00670701
17170	-0.00735751
17171	-0.00508075
17172	-0.00768277
17173	-0.00735751
17174	-0.00768277
17175	-0.00735751
17176	-0.00670701
17177	-0.00703226
17178	-0.00995953
17179	-0.00638176
17180	-0.00670701
17181	-0.00540601
17182	-0.0047555
17183	-0.00377975
17184	-0.00117774
17185	0.000123269
17186	0.00142427
17187	0.00240003
17188	0.00370103
17189	0.00565254
17190	0.0079293
17191	0.0105313
17192	0.0128081
17193	0.0144343
17194	0.0150848
17195	0.0157353
17196	0.0176868
17197	0.0186626
17198	0.0189879
17199	0.0154101
17200	0.0170363
17201	0.0150848
17202	0.0144343
17203	0.0141091
17204	0.0124828
17205	0.0105313
17206	0.0105313
17207	0.00857981
17208	0.0079293
17209	0.0066283
17210	0.00597779
17211	0.00532729
17212	0.00402629
17213	0.00174953
17214	0.00174953
17215	-0.000527234
17216	-0.00215349
17217	-0.00280399
17218	-0.00540601
17219	-0.00703226
17220	-0.00898377
17221	-0.00833327
17222	-0.00963428
17223	-0.01061
17224	-0.0112605
17225	-0.0122363
17226	-0.0112605
17227	-0.01061
17228	-0.0102848
17229	-0.00930902
17230	-0.00930902
17231	-0.00865852
17232	-0.00768277
17233	-0.00735751
17234	-0.00540601
17235	-0.00508075
17236	-0.0047555
17237	-0.00312925
17238	-0.0047555
17239	-0.00215349
17240	-0.00117774
17241	-0.00150299
17242	0.000123269
17243	0.00142427
17244	-0.000201983
17245	0.000773772
17246	0.00044852
17247	0.00109902
17248	-0.000852486
17249	-0.00117774
17250	-0.00215349
17251	-0.0034545
17252	-0.00312925
17253	-0.0047555
17254	-0.00540601
17255	-0.00638176
17256	-0.00768277
17257	-0.00963428
17258	-0.00963428
17259	-0.00800802
17260	-0.00865852
17261	-0.00833327
17262	-0.00995953
17263	-0.00735751
17264	-0.00638176
17265	-0.00540601
17266	-0.004105
17267	-0.00312925
17268	-0.00215349
17269	-0.00182824
17270	-0.00182824
17271	0.000123269
17272	0.00109902
17273	0.00142427
17274	0.00174953
17275	0.00044852
17276	0.00240003
17277	0.00272528
17278	0.000773772
17279	0.00240003
17280	0.00337578
17281	0.00402629
17282	0.00532729
17283	0.00500204
17284	0.00597779
17285	0.00695355
17286	0.00532729
17287	0.00630305
17288	0.00597779
17289	0.00565254
17290	0.0066283
17291	0.0066283
17292	0.0066283
17293	0.00630305
17294	0.00597779
17295	0.00532729
17296	0.00467679
17297	0.00305053
17298	0.00435154
17299	0.000773772
17300	-0.000201983
17301	-0.000852486
17302	0.000773772
17303	-0.000852486
17304	-0.00117774
17305	-0.00150299
17306	-0.00182824
17307	-0.00150299
17308	-0.00377975
17309	-0.004105
17310	-0.00508075
17311	-0.00605651
17312	-0.00638176
17313	-0.00508075
17314	-0.00573126
17315	-0.00605651
17316	-0.00670701
17317	-0.0047555
17318	-0.00638176
17319	-0.00638176
17320	-0.00703226
17321	-0.00768277
17322	-0.00768277
17323	-0.00963428
17324	-0.00800802
17325	-0.00898377
17326	-0.00963428
17327	-0.0102848
17328	-0.00963428
17329	-0.00898377
17330	-0.00800802
17331	-0.00670701
17332	-0.00670701
17333	-0.00605651
17334	-0.00443025
17335	-0.0047555
17336	-0.004105
17337	-0.0047555
17338	-0.00247874
17339	-0.0034545
17340	-0.00280399
17341	-0.00247874
17342	-0.00215349
17343	-0.00312925
17344	-0.00280399
17345	-0.00215349
17346	-0.000527234
17347	-0.000852486
17348	-0.00150299
17349	-0.00215349
17350	-0.00312925
17351	-0.0034545
17352	-0.004105
17353	-0.004105
17354	-0.00508075
17355	-0.00605651
17356	-0.00735751
17357	-0.00865852
17358	-0.01061
17359	-0.0115858
17360	-0.0122363
17361	-0.0138625
17362	-0.0138625
17363	-0.0184161
17364	-0.0171151
17365	-0.0174403
17366	-0.0180908
17367	-0.0187413
17368	-0.0190666
17369	-0.0184161
